date,brent_price
01/05/1987,18.58
01/06/1987,18.86
01/07/1987,19.86
01/08/1987,18.98
01/09/1987,18.31
01/10/1987,18.76
01/11/1987,17.78
01/12/1987,17.05
01/01/1988,16.75
01/02/1988,15.73
01/03/1988,14.73
01/04/1988,16.6
01/05/1988,16.31
01/06/1988,15.54
01/07/1988,14.91
01/08/1988,14.89
01/09/1988,13.18
01/10/1988,12.41
01/11/1988,13.02
01/12/1988,15.31
01/01/1989,17.17
01/02/1989,16.89
01/03/1989,18.7
01/04/1989,20.32
01/05/1989,18.63
01/06/1989,17.67
01/07/1989,17.62
01/08/1989,16.77
01/09/1989,17.77
01/10/1989,18.91
01/11/1989,18.73
01/12/1989,19.84
01/01/1990,21.25
01/02/1990,19.81
01/03/1990,18.39
01/04/1990,16.61
01/05/1990,16.35
01/06/1990,15.1
01/07/1990,17.17
01/08/1990,27.17
01/09/1990,34.9
01/10/1990,36.02
01/11/1990,33.07
01/12/1990,28.27
01/01/1991,23.57
01/02/1991,19.54
01/03/1991,19.08
01/04/1991,19.18
01/05/1991,19.19
01/06/1991,18.17
01/07/1991,19.4
01/08/1991,19.77
01/09/1991,20.5
01/10/1991,22.21
01/11/1991,21.11
01/12/1991,18.41
01/01/1992,18.16
01/02/1992,18.05
01/03/1992,17.63
01/04/1992,18.92
01/05/1992,19.89
01/06/1992,21.16
01/07/1992,20.24
01/08/1992,19.74
01/09/1992,20.27
01/10/1992,20.26
01/11/1992,19.21
01/12/1992,18.14
01/01/1993,17.39
01/02/1993,18.47
01/03/1993,18.79
01/04/1993,18.67
01/05/1993,18.51
01/06/1993,17.65
01/07/1993,16.78
01/08/1993,16.7
01/09/1993,16.01
01/10/1993,16.61
01/11/1993,15.2
01/12/1993,13.73
01/01/1994,14.29
01/02/1994,13.8
01/03/1994,13.82
01/04/1994,15.23
01/05/1994,16.19
01/06/1994,16.76
01/07/1994,17.6
01/08/1994,16.89
01/09/1994,15.9
01/10/1994,16.49
01/11/1994,17.19
01/12/1994,15.93
01/01/1995,16.55
01/02/1995,17.11
01/03/1995,17.01
01/04/1995,18.65
01/05/1995,18.35
01/06/1995,17.31
01/07/1995,15.85
01/08/1995,16.1
01/09/1995,16.7
01/10/1995,16.11
01/11/1995,16.86
01/12/1995,17.93
01/01/1996,17.85
01/02/1996,18
01/03/1996,19.85
01/04/1996,20.9
01/05/1996,19.15
01/06/1996,18.46
01/07/1996,19.57
01/08/1996,20.51
01/09/1996,22.63
01/10/1996,24.16
01/11/1996,22.76
01/12/1996,23.78
01/01/1997,23.54
01/02/1997,20.85
01/03/1997,19.13
01/04/1997,17.56
01/05/1997,19.02
01/06/1997,17.58
01/07/1997,18.46
01/08/1997,18.6
01/09/1997,18.46
01/10/1997,19.87
01/11/1997,19.17
01/12/1997,17.18
01/01/1998,15.19
01/02/1998,14.07
01/03/1998,13.1
01/04/1998,13.53
01/05/1998,14.36
01/06/1998,12.21
01/07/1998,12.08
01/08/1998,11.91
01/09/1998,13.34
01/10/1998,12.7
01/11/1998,11.04
01/12/1998,9.82
01/01/1999,11.11
01/02/1999,10.27
01/03/1999,12.51
01/04/1999,15.29
01/05/1999,15.23
01/06/1999,15.86
01/07/1999,19.08
01/08/1999,20.22
01/09/1999,22.54
01/10/1999,22
01/11/1999,24.58
01/12/1999,25.47
01/01/2000,25.51
01/02/2000,27.78
01/03/2000,27.49
01/04/2000,22.76
01/05/2000,27.74
01/06/2000,29.8
01/07/2000,28.68
01/08/2000,30.2
01/09/2000,33.14
01/10/2000,30.96
01/11/2000,32.55
01/12/2000,25.66
01/01/2001,25.62
01/02/2001,27.5
01/03/2001,24.5
01/04/2001,25.66
01/05/2001,28.31
01/06/2001,27.85
01/07/2001,24.61
01/08/2001,25.68
01/09/2001,25.62
01/10/2001,20.54
01/11/2001,18.8
01/12/2001,18.71
01/01/2002,19.42
01/02/2002,20.28
01/03/2002,23.7
01/04/2002,25.73
01/05/2002,25.35
01/06/2002,24.08
01/07/2002,25.74
01/08/2002,26.65
01/09/2002,28.4
01/10/2002,27.54
01/11/2002,24.34
01/12/2002,28.33
01/01/2003,31.18
01/02/2003,32.77
01/03/2003,30.61
01/04/2003,25
01/05/2003,25.86
01/06/2003,27.65
01/07/2003,28.35
01/08/2003,29.89
01/09/2003,27.11
01/10/2003,29.61
01/11/2003,28.75
01/12/2003,29.81
01/01/2004,31.28
01/02/2004,30.86
01/03/2004,33.63
01/04/2004,33.59
01/05/2004,37.57
01/06/2004,35.18
01/07/2004,38.22
01/08/2004,42.74
01/09/2004,43.2
01/10/2004,49.78
01/11/2004,43.11
01/12/2004,39.6
01/01/2005,44.51
01/02/2005,45.48
01/03/2005,53.1
01/04/2005,51.88
01/05/2005,48.65
01/06/2005,54.35
01/07/2005,57.52
01/08/2005,63.98
01/09/2005,62.91
01/10/2005,58.54
01/11/2005,55.24
01/12/2005,56.86
01/01/2006,62.99
01/02/2006,60.21
01/03/2006,62.06
01/04/2006,70.26
01/05/2006,69.78
01/06/2006,68.56
01/07/2006,73.67
01/08/2006,73.23
01/09/2006,61.96
01/10/2006,57.81
01/11/2006,58.76
01/12/2006,62.47
01/01/2007,53.68
01/02/2007,57.56
01/03/2007,62.05
01/04/2007,67.49
01/05/2007,67.21
01/06/2007,71.05
01/07/2007,76.93
30/07/2007,76.52999878
31/07/2007,77.16999817
01/08/2007,77.05999756
02/08/2007,76.20999908
03/08/2007,76
06/08/2007,74.59999847
07/08/2007,72.01000214
08/08/2007,72.02999878
09/08/2007,71.08000183
10/08/2007,70.44999695
13/08/2007,71.83000183
14/08/2007,70.80000305
15/08/2007,72.19999695
16/08/2007,70.62000275
17/08/2007,71.06999969
20/08/2007,70.31999969
21/08/2007,70.51000214
22/08/2007,69.36000061
23/08/2007,69.97000122
24/08/2007,70.80999756
27/08/2007,71.11000061
28/08/2007,71.05000305
29/08/2007,72.26000214
30/08/2007,72.45999908
31/08/2007,73.05999756
04/09/2007,74.05000305
05/09/2007,74.37999725
06/09/2007,75.63999939
07/09/2007,75.22000122
10/09/2007,75.73999786
11/09/2007,76.40000153
12/09/2007,77.84999847
13/09/2007,77.27999878
14/09/2007,77.23999786
17/09/2007,77.04000092
18/09/2007,78.33000183
19/09/2007,78.55999756
20/09/2007,79.26999664
21/09/2007,79.94999695
24/09/2007,79.47000122
25/09/2007,78.48000336
26/09/2007,78.27999878
27/09/2007,80.18000031
28/09/2007,81.02999878
01/10/2007,78.94000244
02/10/2007,77.44999695
03/10/2007,77.80999756
04/10/2007,79.23999786
05/10/2007,79.08000183
08/10/2007,78.33999634
09/10/2007,78.16000366
10/10/2007,78.65000153
11/10/2007,80.68000031
12/10/2007,80.88999939
15/10/2007,82.86000061
16/10/2007,83.79000092
17/10/2007,84.41000366
18/10/2007,84.69999695
19/10/2007,84.66000366
22/10/2007,84.06999969
23/10/2007,83.58000183
24/10/2007,84.47000122
25/10/2007,87.56999969
26/10/2007,88.75
29/10/2007,90.43000031
30/10/2007,89.55000305
31/10/2007,90.90000153
01/11/2007,91.25
02/11/2007,92.23000336
05/11/2007,92.26999664
06/11/2007,93.54000092
07/11/2007,94.58999634
08/11/2007,94.73999786
09/11/2007,93.76999664
12/11/2007,92.37999725
13/11/2007,91.33999634
14/11/2007,91.55000305
15/11/2007,90.65000153
16/11/2007,91.94999695
19/11/2007,92.51999664
20/11/2007,95.73000336
21/11/2007,96.13999939
23/11/2007,95.93000031
26/11/2007,96.12000275
27/11/2007,93.86000061
28/11/2007,93.37000275
29/11/2007,91.93000031
30/11/2007,90.15000153
03/12/2007,90.02999878
04/12/2007,90.34999847
05/12/2007,91.22000122
06/12/2007,90.62999725
07/12/2007,90.41000366
10/12/2007,89.83999634
11/12/2007,90.36000061
12/12/2007,94.44000244
13/12/2007,94.33000183
14/12/2007,93.30999756
17/12/2007,92.33999634
18/12/2007,92.87999725
19/12/2007,92.27999878
20/12/2007,92.23999786
21/12/2007,92.91999817
24/12/2007,92.34999847
26/12/2007,95.04000092
27/12/2007,95.86000061
28/12/2007,95.84999847
31/12/2007,95.26000214
02/01/2008,98.01999664
03/01/2008,98.47000122
04/01/2008,97.88999939
07/01/2008,97.45999908
08/01/2008,96.66999817
09/01/2008,96.70999908
10/01/2008,94.83000183
11/01/2008,92.55999756
14/01/2008,93.01999664
15/01/2008,93
16/01/2008,90.47000122
17/01/2008,90.69000244
18/01/2008,89.95999908
22/01/2008,88.87000275
23/01/2008,88.63999939
24/01/2008,89.31999969
25/01/2008,91.37000275
28/01/2008,91.73999786
29/01/2008,92.20999908
30/01/2008,92.76000214
31/01/2008,92.80000305
01/02/2008,92.44000244
04/02/2008,91.11000061
05/02/2008,89.73000336
06/02/2008,89.56999969
07/02/2008,88.75
08/02/2008,92.30000305
11/02/2008,94.51000214
12/02/2008,94.12999725
13/02/2008,93.98000336
14/02/2008,95.30999756
15/02/2008,95.77999878
19/02/2008,98.72000122
20/02/2008,99.19999695
21/02/2008,98.91999817
22/02/2008,97.55000305
25/02/2008,98.15000153
26/02/2008,99.75
27/02/2008,100.4899979
28/02/2008,101.2799988
29/02/2008,101.2399979
03/03/2008,102.2600021
04/03/2008,101.3099976
05/03/2008,102.0199966
06/03/2008,102.9199982
07/03/2008,103.9400024
10/03/2008,104.4199982
11/03/2008,105.7900009
12/03/2008,106.3899994
13/03/2008,107.8600006
14/03/2008,106.9800034
17/03/2008,104.1699982
18/03/2008,106.1100006
19/03/2008,104.25
20/03/2008,100.7900009
24/03/2008,101.2099991
25/03/2008,101.0699997
26/03/2008,104.1200027
27/03/2008,105.5400009
28/03/2008,105.3700027
31/03/2008,105.3099976
01/04/2008,101.4700012
02/04/2008,103.9700012
03/04/2008,104.5
04/04/2008,105.0299988
07/04/2008,107.4899979
08/04/2008,107.6500015
09/04/2008,109.5199966
10/04/2008,109.9499969
11/04/2008,109.1100006
14/04/2008,110.0100021
15/04/2008,111.8700027
16/04/2008,112.8399963
17/04/2008,113.2099991
18/04/2008,114.1699982
21/04/2008,114.8600006
22/04/2008,116.7300034
23/04/2008,116.6399994
24/04/2008,116.8099976
25/04/2008,117.5800018
28/04/2008,117.4700012
29/04/2008,115.8399963
30/04/2008,114.6299973
01/05/2008,112.9199982
02/05/2008,114.7699966
05/05/2008,118.5699997
06/05/2008,121.0199966
07/05/2008,122.7300034
08/05/2008,123.8099976
09/05/2008,125.8700027
12/05/2008,125.1699982
13/05/2008,124.9400024
14/05/2008,124.2600021
15/05/2008,125.5299988
16/05/2008,126.3099976
19/05/2008,126.0100021
20/05/2008,128.0500031
21/05/2008,133.5899963
22/05/2008,135.1100006
23/05/2008,133.7299957
27/05/2008,133.3800049
28/05/2008,131.1399994
29/05/2008,132.5500031
30/05/2008,128.9700012
02/06/2008,129.1999969
03/06/2008,128.0599976
04/06/2008,124.6699982
05/06/2008,127.8399963
06/06/2008,137.5399933
09/06/2008,137.4799957
10/06/2008,137.6900024
11/06/2008,137.2299957
12/06/2008,136.6699982
13/06/2008,137.4600067
16/06/2008,139.1000061
17/06/2008,135.2400055
18/06/2008,135.0399933
19/06/2008,137.3699951
20/06/2008,136.75
23/06/2008,137.2799988
24/06/2008,137.7200012
25/06/2008,137.1799927
26/06/2008,140.5500031
27/06/2008,142.9100037
30/06/2008,143.8600006
01/07/2008,143.3600006
02/07/2008,144.8999939
03/07/2008,146.2700043
07/07/2008,143.9499969
08/07/2008,139.4299927
09/07/2008,138.8500061
10/07/2008,142.4100037
11/07/2008,147.4299927
14/07/2008,145.2400055
15/07/2008,145.5099945
16/07/2008,140.2299957
17/07/2008,137.6300049
18/07/2008,133.1399994
21/07/2008,133.5099945
22/07/2008,133.7100067
23/07/2008,129.4499969
24/07/2008,126.5199966
25/07/2008,127.4300003
28/07/2008,126.4499969
29/07/2008,126.75
30/07/2008,127.5899963
31/07/2008,127.4899979
01/08/2008,127.9100037
04/08/2008,124.8499985
05/08/2008,119.8099976
06/08/2008,118.7200012
07/08/2008,119.6999969
08/08/2008,116.2799988
11/08/2008,115.0899963
12/08/2008,114.25
13/08/2008,114.8199997
14/08/2008,115.5100021
15/08/2008,112.9599991
18/08/2008,113.8099976
19/08/2008,115.3300018
20/08/2008,115.4800034
21/08/2008,120.7900009
22/08/2008,118.9899979
25/08/2008,115.4800034
26/08/2008,116.3300018
27/08/2008,117.2799988
28/08/2008,118.2900009
29/08/2008,116.6999969
02/09/2008,109.2200012
03/09/2008,108.2099991
04/09/2008,108.6600037
05/09/2008,106.2300034
08/09/2008,105.5
09/09/2008,101.9800034
10/09/2008,101.3000031
11/09/2008,100.0199966
12/09/2008,98.91000366
15/09/2008,95.75
16/09/2008,91.93000031
17/09/2008,94.25
18/09/2008,98.43000031
19/09/2008,100.4100037
22/09/2008,106.3099976
23/09/2008,105.1399994
24/09/2008,105.7699966
25/09/2008,104.9700012
26/09/2008,103.1900024
29/09/2008,99.09999847
30/09/2008,98.83000183
01/10/2008,97.40000153
02/10/2008,93.19000244
03/10/2008,92.11000061
06/10/2008,88.18000031
07/10/2008,87.80999756
08/10/2008,85.19999695
09/10/2008,84.88999939
10/10/2008,78.69000244
13/10/2008,78.44000244
14/10/2008,79.33999634
15/10/2008,72.23000336
17/10/2008,71.75
20/10/2008,73.12000275
21/10/2008,69.98000336
22/10/2008,66.51000214
23/10/2008,67.30999756
24/10/2008,63.54000092
27/10/2008,63.49000168
28/10/2008,62.52999878
29/10/2008,66.69999695
30/10/2008,66.41999817
31/10/2008,66.09999847
03/11/2008,64.16999817
04/11/2008,67.66999817
05/11/2008,65.48999786
06/11/2008,61.20999908
07/11/2008,59.06999969
10/11/2008,61.61000061
11/11/2008,57.54000092
12/11/2008,55.61999893
14/11/2008,56.08000183
17/11/2008,56.00999832
18/11/2008,53.11999893
19/11/2008,52.77999878
20/11/2008,50.18999863
21/11/2008,49.91999817
24/11/2008,54.49000168
25/11/2008,53.58000183
26/11/2008,54.31000137
28/11/2008,53.49000168
01/12/2008,50.41999817
02/12/2008,48.91999817
03/12/2008,46.25
04/12/2008,45.5
05/12/2008,42.04999924
08/12/2008,44.02999878
09/12/2008,43.86999893
10/12/2008,45.09999847
11/12/2008,48.31000137
12/12/2008,47.04000092
15/12/2008,49.75999832
17/12/2008,48.29999924
18/12/2008,46.33000183
19/12/2008,45.04000092
22/12/2008,44.38000107
23/12/2008,41.90999985
24/12/2008,39.22999954
26/12/2008,38.65000153
29/12/2008,40.79000092
30/12/2008,40.63999939
31/12/2008,45.66999817
02/01/2009,46.90999985
05/01/2009,49.97999954
06/01/2009,52.13000107
07/01/2009,50.54999924
08/01/2009,46.34000015
09/01/2009,44.63000107
12/01/2009,43.38000107
13/01/2009,45.20999908
14/01/2009,45.61000061
16/01/2009,48.86999893
20/01/2009,45.59999847
21/01/2009,45.16999817
22/01/2009,45.38999939
23/01/2009,48.47999954
26/01/2009,49.5
27/01/2009,46.33000183
28/01/2009,46.13000107
29/01/2009,45.97000122
30/01/2009,47.47999954
02/02/2009,45.16999817
03/02/2009,44.50999832
04/02/2009,44.97999954
05/02/2009,46.47000122
06/02/2009,47.06000137
09/02/2009,48.20000076
10/02/2009,47.06000137
11/02/2009,45.29999924
13/02/2009,46.25999832
17/02/2009,42.45000076
18/02/2009,40.75
19/02/2009,43.27999878
20/02/2009,43.13999939
23/02/2009,42.27999878
24/02/2009,43.43999863
25/02/2009,45.47999954
26/02/2009,47.45999908
27/02/2009,46.56999969
02/03/2009,44.61000061
03/03/2009,44.59999847
04/03/2009,47.15000153
05/03/2009,45.93999863
06/03/2009,46.13999939
09/03/2009,45.93999863
10/03/2009,46.86000061
11/03/2009,44.61999893
12/03/2009,46.43999863
13/03/2009,47.29000092
16/03/2009,46.72999954
17/03/2009,48.63000107
18/03/2009,48.88000107
19/03/2009,51.16999817
20/03/2009,51.59999847
23/03/2009,53.81999969
24/03/2009,53.54000092
25/03/2009,53.45999908
26/03/2009,53.77000046
27/03/2009,52.22000122
30/03/2009,50.52999878
31/03/2009,49.66999817
01/04/2009,48.66999817
02/04/2009,53.02000046
03/04/2009,53.5
06/04/2009,53.09000015
07/04/2009,51.84999847
08/04/2009,53.54000092
09/04/2009,54.20999908
13/04/2009,53.56999969
14/04/2009,53.52999878
01/05/2009,53.02999878
04/05/2009,54.65000153
05/05/2009,54.79999924
06/05/2009,56.27999878
07/05/2009,58.18999863
08/05/2009,58.29999924
11/05/2009,57.74000168
12/05/2009,58.81999969
13/05/2009,58.74000168
15/05/2009,58.20000076
18/05/2009,58.79999924
19/05/2009,59.25
20/05/2009,60.75
21/05/2009,60.24000168
22/05/2009,60.86999893
26/05/2009,61.25999832
27/05/2009,62.68000031
28/05/2009,64.62000275
29/05/2009,65.65000153
01/06/2009,67.98000336
02/06/2009,68.5
03/06/2009,68.19000244
04/06/2009,69.45999908
05/06/2009,69.84999847
08/06/2009,68.75
09/06/2009,69.80000305
10/06/2009,71.13999939
11/06/2009,72.23000336
12/06/2009,71.23999786
15/06/2009,69.44000244
16/06/2009,72.33999634
17/06/2009,70.90000153
18/06/2009,71.41000366
19/06/2009,71.87999725
22/06/2009,66.98000336
23/06/2009,69.18000031
24/06/2009,69.31999969
25/06/2009,70.51000214
26/06/2009,70.48000336
29/06/2009,71.41000366
30/06/2009,71.65000153
01/07/2009,71.26999664
02/07/2009,67.75
06/07/2009,64.62999725
07/07/2009,64.81999969
08/07/2009,62.5
09/07/2009,62.11999893
10/07/2009,60.77000046
13/07/2009,61.50999832
14/07/2009,62.20999908
15/07/2009,63.77000046
17/07/2009,65.86000061
20/07/2009,66.65000153
21/07/2009,67.84999847
22/07/2009,67.38999939
23/07/2009,69.69999695
24/07/2009,70.29000092
27/07/2009,71.05999756
28/07/2009,70.97000122
29/07/2009,69.19000244
30/07/2009,70.29000092
31/07/2009,72.05999756
03/08/2009,73.91000366
04/08/2009,74.66000366
05/08/2009,75.5
06/08/2009,75.81999969
07/08/2009,75.5
10/08/2009,74.19000244
11/08/2009,74.12999725
12/08/2009,73.45999908
13/08/2009,73.90000153
14/08/2009,71.94000244
17/08/2009,70.05999756
18/08/2009,73.01999664
19/08/2009,74.81999969
20/08/2009,73.33000183
21/08/2009,74.69999695
24/08/2009,74.56999969
25/08/2009,73.90000153
26/08/2009,72.34999847
27/08/2009,72.77999878
28/08/2009,73.37999725
31/08/2009,70.51999664
01/09/2009,70.98000336
02/09/2009,68.5
03/09/2009,68.41000366
04/09/2009,67.48999786
08/09/2009,70.01999664
09/09/2009,70.80999756
10/09/2009,70.55999756
11/09/2009,70.69999695
14/09/2009,67.91999817
16/09/2009,71.66000366
17/09/2009,72.16999817
18/09/2009,71.75
21/09/2009,69.26000214
22/09/2009,70.68000031
23/09/2009,69.41000366
24/09/2009,67.45999908
25/09/2009,65.05000305
28/09/2009,66.16999817
29/09/2009,65.83999634
30/09/2009,69.25
01/10/2009,69.72000122
02/10/2009,68.36000061
05/10/2009,68.44000244
06/10/2009,69.68000031
07/10/2009,69.06999969
08/10/2009,70.15000153
09/10/2009,70.30000305
12/10/2009,71.66999817
13/10/2009,72.48999786
14/10/2009,73.25
16/10/2009,76.27999878
19/10/2009,77.80000305
20/10/2009,77.98000336
21/10/2009,80.19999695
22/10/2009,79.70999908
23/10/2009,79.54000092
26/10/2009,80.02999878
27/10/2009,78.30000305
28/10/2009,76.91999817
29/10/2009,78.55999756
30/10/2009,77.05000305
02/11/2009,77.01999664
03/11/2009,78.23999786
04/11/2009,79.37999725
05/11/2009,78.48000336
06/11/2009,77.15000153
09/11/2009,78.20999908
10/11/2009,78.66999817
11/11/2009,78.55999756
12/11/2009,76.76000214
13/11/2009,75.98000336
16/11/2009,79.20999908
17/11/2009,79.48999786
18/11/2009,80.06999969
19/11/2009,78.25
20/11/2009,77.19999695
23/11/2009,79.51000214
24/11/2009,77.77999878
25/11/2009,78.56999969
27/11/2009,77.18000031
30/11/2009,79.22000122
01/12/2009,79.66000366
02/12/2009,79.59999847
03/12/2009,78.86000061
04/12/2009,79.69999695
07/12/2009,77.95999908
08/12/2009,76.79000092
09/12/2009,76.09999847
10/12/2009,72.88999939
11/12/2009,72.52999878
14/12/2009,72.29000092
15/12/2009,72.73999786
16/12/2009,73.75
17/12/2009,73.37000275
18/12/2009,73.75
21/12/2009,73.95999908
22/12/2009,73.83999634
23/12/2009,75.12999725
24/12/2009,75.93000031
28/12/2009,77.31999969
29/12/2009,77.86000061
30/12/2009,78.56999969
31/12/2009,78.59999847
04/01/2010,79.81999969
05/01/2010,80.26000214
06/01/2010,81.69999695
07/01/2010,81.51000214
08/01/2010,81.52999878
11/01/2010,81.70999908
12/01/2010,79.30000305
13/01/2010,79.01999664
14/01/2010,78.47000122
15/01/2010,77.81999969
19/01/2010,77.75
20/01/2010,76.31999969
21/01/2010,76.45999908
22/01/2010,73.90000153
25/01/2010,73.73000336
26/01/2010,73.29000092
27/01/2010,73.54000092
28/01/2010,72.61000061
29/01/2010,73.18000031
01/02/2010,73.58000183
02/02/2010,76.18000031
03/02/2010,76.86000061
04/02/2010,74.81999969
05/02/2010,72.5
08/02/2010,70.44999695
09/02/2010,72.36000061
10/02/2010,72.91000366
11/02/2010,73.05000305
12/02/2010,72.93000031
16/02/2010,75.98999786
17/02/2010,76.34999847
18/02/2010,77.83000183
19/02/2010,78.26999664
22/02/2010,78.69999695
23/02/2010,77.81999969
24/02/2010,78.40000153
25/02/2010,77.51000214
26/02/2010,77.91000366
01/03/2010,78.37000275
02/03/2010,79.23000336
03/03/2010,79.54000092
04/03/2010,79.20999908
05/03/2010,80.5
08/03/2010,80.79000092
09/03/2010,80.37000275
10/03/2010,81.43000031
11/03/2010,80.48999786
12/03/2010,81.23999786
15/03/2010,77.88999939
16/03/2010,79.01999664
17/03/2010,82.05000305
18/03/2010,81.79000092
19/03/2010,81.36000061
22/03/2010,80.62000275
23/03/2010,81.15000153
24/03/2010,79.87999725
25/03/2010,80.44000244
26/03/2010,80.65000153
29/03/2010,81.88999939
30/03/2010,81.51999664
31/03/2010,82.77999878
01/04/2010,84.30000305
05/04/2010,86.08999634
06/04/2010,86.37999725
07/04/2010,86.44999695
08/04/2010,85.26999664
09/04/2010,85.66999817
12/04/2010,85.51999664
13/04/2010,84.80999756
14/04/2010,85.19999695
15/04/2010,87.12999725
16/04/2010,87.33999634
19/04/2010,84.31999969
20/04/2010,85.48000336
21/04/2010,86.16000366
22/04/2010,85.83000183
23/04/2010,87.31999969
26/04/2010,87.51000214
27/04/2010,86.69999695
28/04/2010,86.27999878
29/04/2010,87.55000305
30/04/2010,87.65000153
03/05/2010,89.45999908
05/05/2010,84.95999908
06/05/2010,82.36000061
07/05/2010,80.62999725
10/05/2010,81.48999786
11/05/2010,80.81999969
12/05/2010,81.69000244
13/05/2010,80.11000061
14/05/2010,77.18000031
17/05/2010,77.62999725
18/05/2010,76.48999786
19/05/2010,74.33000183
20/05/2010,72.45999908
21/05/2010,72.77999878
24/05/2010,71.94999695
25/05/2010,69.91999817
26/05/2010,72.06999969
27/05/2010,74.80000305
28/05/2010,75.58000183
01/06/2010,75.05999756
02/06/2010,74.40000153
03/06/2010,75.47000122
04/06/2010,76.48999786
07/06/2010,72.80000305
08/06/2010,72.59999847
09/06/2010,74.65000153
10/06/2010,75.86000061
11/06/2010,75.54000092
14/06/2010,76.09999847
15/06/2010,76.19999695
16/06/2010,78.54000092
17/06/2010,79.05999756
18/06/2010,78.63999939
21/06/2010,79.77999878
22/06/2010,79.05999756
23/06/2010,77.91999817
24/06/2010,76.54000092
25/06/2010,78.47000122
28/06/2010,77.72000122
29/06/2010,76.16000366
30/06/2010,75.94999695
01/07/2010,74.26000214
02/07/2010,72.70999908
06/07/2010,73.23999786
07/07/2010,73.73999786
08/07/2010,75.16999817
09/07/2010,75.83999634
12/07/2010,75.58000183
13/07/2010,76.91999817
14/07/2010,76.98999786
16/07/2010,76.19000244
19/07/2010,77.18000031
20/07/2010,76.48000336
21/07/2010,77.20999908
22/07/2010,77.91000366
23/07/2010,77.83999634
26/07/2010,77.65000153
27/07/2010,78.08999634
28/07/2010,76.26000214
29/07/2010,78.12999725
30/07/2010,78.30000305
02/08/2010,81.08999634
03/08/2010,82.77999878
04/08/2010,82.79000092
05/08/2010,81.75
06/08/2010,81.51999664
09/08/2010,81.26999664
10/08/2010,79.95999908
11/08/2010,79.02999878
12/08/2010,76.77999878
13/08/2010,75.75
16/08/2010,74.84999847
17/08/2010,77.69000244
18/08/2010,76.66999817
19/08/2010,76.73999786
20/08/2010,74.77999878
23/08/2010,74.84999847
24/08/2010,73.13999939
25/08/2010,73.79000092
26/08/2010,75.55000305
27/08/2010,76.97000122
30/08/2010,76.66999817
31/08/2010,76.70999908
01/09/2010,76.73999786
02/09/2010,77.01999664
03/09/2010,77.43000031
07/09/2010,78.31999969
08/09/2010,78.75
09/09/2010,78.79000092
10/09/2010,78.37999725
13/09/2010,79.37000275
14/09/2010,79.90000153
15/09/2010,78.66000366
16/09/2010,79.61000061
17/09/2010,79.15000153
20/09/2010,79.90000153
21/09/2010,79.94000244
22/09/2010,78.76999664
23/09/2010,78.44000244
24/09/2010,79.38999939
27/09/2010,79.06999969
28/09/2010,79.52999878
29/09/2010,80.91999817
30/09/2010,82.37000275
01/10/2010,83.76999664
04/10/2010,84.40000153
05/10/2010,84.90000153
06/10/2010,85.81999969
07/10/2010,86.01000214
08/10/2010,84.55000305
11/10/2010,84.02999878
12/10/2010,83.95999908
13/10/2010,84.94000244
14/10/2010,84.52999878
15/10/2010,84.51000214
18/10/2010,84.37999725
19/10/2010,83.44000244
20/10/2010,83.58000183
21/10/2010,83.80999756
22/10/2010,83.11000061
25/10/2010,84.16000366
26/10/2010,83.80999756
27/10/2010,83.37000275
28/10/2010,83.86000061
29/10/2010,83.5
01/11/2010,85.33000183
02/11/2010,85.73999786
03/11/2010,86.87999725
04/11/2010,88.22000122
05/11/2010,88.47000122
08/11/2010,88.55000305
09/11/2010,88.97000122
10/11/2010,89.30000305
11/11/2010,89.41000366
12/11/2010,87.87000275
15/11/2010,86.69999695
16/11/2010,86.51000214
17/11/2010,85.05000305
18/11/2010,85.40000153
19/11/2010,85.51999664
22/11/2010,85.13999939
23/11/2010,83.90000153
24/11/2010,86.05999756
26/11/2010,86.08999634
29/11/2010,87.48999786
30/11/2010,87.30000305
01/12/2010,88.98999786
02/12/2010,90.81999969
03/12/2010,91.83999634
06/12/2010,91.80000305
07/12/2010,92.84999847
08/12/2010,91.73999786
09/12/2010,91.58000183
10/12/2010,91.55000305
13/12/2010,92.27999878
14/12/2010,91.72000122
15/12/2010,92.09999847
16/12/2010,92.29000092
17/12/2010,92.37000275
20/12/2010,92.88999939
21/12/2010,93.40000153
22/12/2010,93.91999817
23/12/2010,94.54000092
27/12/2010,94.47000122
28/12/2010,94.40000153
29/12/2010,94.36000061
30/12/2010,93.94999695
31/12/2010,95.12000275
03/01/2011,96.16000366
04/01/2011,95.34999847
05/01/2011,95.69999695
06/01/2011,96.01999664
07/01/2011,94.56999969
10/01/2011,95.80999756
11/01/2011,97.80000305
12/01/2011,98.83000183
13/01/2011,98.62999725
18/01/2011,98.19000244
19/01/2011,98.55000305
20/01/2011,97.79000092
21/01/2011,97.81999969
24/01/2011,98.01999664
25/01/2011,95.91999817
26/01/2011,97.98000336
27/01/2011,98.94999695
28/01/2011,99.55000305
31/01/2011,101.6699982
01/02/2011,102.0400009
02/02/2011,102.4499969
03/02/2011,103.4599991
04/02/2011,102.1200027
07/02/2011,100.8199997
08/02/2011,100.3499985
09/02/2011,102.0999985
10/02/2011,102.8199997
11/02/2011,102
14/02/2011,104.2799988
15/02/2011,103.6999969
16/02/2011,104.4800034
17/02/2011,104.2600021
18/02/2011,103.4800034
22/02/2011,108.5800018
23/02/2011,112
24/02/2011,118.0299988
25/02/2011,113.6999969
28/02/2011,114.4400024
01/03/2011,116.6999969
02/03/2011,117.8099976
03/03/2011,116.5
04/03/2011,116.4800034
07/03/2011,117.9000015
08/03/2011,114.8499985
09/03/2011,116.1200027
10/03/2011,116.5
11/03/2011,115.6200027
14/03/2011,113.9800034
15/03/2011,113.5400009
16/03/2011,111.0999985
17/03/2011,115.3399963
18/03/2011,116.3300018
21/03/2011,116
22/03/2011,115.9899979
23/03/2011,116.3300018
24/03/2011,115.8499985
25/03/2011,116.0800018
28/03/2011,115.8199997
30/03/2011,115.2900009
31/03/2011,117.4300003
01/04/2011,118.8499985
04/04/2011,121.3000031
05/04/2011,122.8199997
06/04/2011,123.3700027
07/04/2011,122.9000015
08/04/2011,126.8700027
11/04/2011,127.3000031
12/04/2011,125.0999985
13/04/2011,122.3600006
14/04/2011,122.9000015
15/04/2011,123.7099991
18/04/2011,122.6999969
19/04/2011,122.2200012
21/04/2011,124.4000015
25/04/2011,124.7099991
26/04/2011,124.3099976
27/04/2011,125.4800034
28/04/2011,126.1900024
29/04/2011,126.0299988
02/05/2011,126.1100006
03/05/2011,124.1299973
04/05/2011,123.0100021
05/05/2011,118.2200012
06/05/2011,114.0999985
09/05/2011,115.9499969
10/05/2011,117.8000031
11/05/2011,116.9400024
12/05/2011,113.2699966
13/05/2011,114.0500031
16/05/2011,113.7399979
17/05/2011,111.3399963
18/05/2011,113.0400009
19/05/2011,112.8899994
20/05/2011,112.6600037
23/05/2011,110.3799973
24/05/2011,112.6800003
25/05/2011,115.0199966
26/05/2011,115.3600006
27/05/2011,115.5400009
31/05/2011,116.8600006
01/06/2011,116.1600037
02/06/2011,115.6699982
03/06/2011,116.1600037
06/06/2011,115.5500031
07/06/2011,117.0599976
08/06/2011,118.5699997
09/06/2011,119.5999985
10/06/2011,119.3899994
13/06/2011,120.0599976
14/06/2011,120.7099991
15/06/2011,118.4499969
16/06/2011,114.4400024
17/06/2011,113.7900009
20/06/2011,112.5400009
21/06/2011,112.5
22/06/2011,114.3199997
23/06/2011,113.2099991
24/06/2011,108.4499969
27/06/2011,106.75
28/06/2011,108.8199997
29/06/2011,112.5800018
30/06/2011,112.9199982
01/07/2011,111.8499985
06/07/2011,114.0800018
07/07/2011,118.25
08/07/2011,119.7900009
11/07/2011,118.1200027
12/07/2011,117.8099976
14/07/2011,118.75
15/07/2011,117.6500015
18/07/2011,116.9000015
20/07/2011,118.5299988
21/07/2011,119.0400009
22/07/2011,118.7799988
25/07/2011,118.1699982
26/07/2011,118.8000031
27/07/2011,118.2799988
28/07/2011,118.1900024
29/07/2011,117.0599976
01/08/2011,119.9499969
02/08/2011,118.2200012
03/08/2011,115.8099976
04/08/2011,113.5999985
05/08/2011,109.9000015
08/08/2011,106.9199982
09/08/2011,105.1699982
10/08/2011,106.5800018
11/08/2011,108.0299988
12/08/2011,108.9000015
15/08/2011,109.9199982
17/08/2011,111.6299973
18/08/2011,109.2600021
19/08/2011,109.3000031
22/08/2011,108.0899963
23/08/2011,110.0999985
24/08/2011,110.7699966
26/08/2011,111.5299988
29/08/2011,112.6299973
30/08/2011,114.1999969
31/08/2011,115.0599976
01/09/2011,115.2799988
02/09/2011,113.5899963
06/09/2011,112.9899979
07/09/2011,115.7600021
08/09/2011,116.4899979
09/09/2011,113.8899994
12/09/2011,113.0299988
13/09/2011,112.4000015
14/09/2011,112.4199982
15/09/2011,115.3399963
16/09/2011,114.1800003
19/09/2011,112
20/09/2011,111.4100037
21/09/2011,112.4000015
22/09/2011,108.9499969
23/09/2011,106.8799973
27/09/2011,107.2200012
28/09/2011,107.1500015
29/09/2011,105.7699966
30/09/2011,104.7699966
03/10/2011,102.5999985
04/10/2011,101.8600006
06/10/2011,105.6399994
07/10/2011,106.2900009
10/10/2011,109.1999969
11/10/2011,111.1100006
12/10/2011,112.6500015
13/10/2011,111.3700027
14/10/2011,114.7399979
17/10/2011,112.3199997
18/10/2011,111.7600021
19/10/2011,111.8399963
20/10/2011,110.1299973
21/10/2011,111.8899994
24/10/2011,111.5400009
25/10/2011,111.75
26/10/2011,110.9199982
27/10/2011,112.6999969
28/10/2011,111.0100021
31/10/2011,109.7600021
01/11/2011,109.5599976
02/11/2011,111.4100037
03/11/2011,111.1800003
04/11/2011,111.9700012
07/11/2011,114.8499985
08/11/2011,116.4300003
09/11/2011,115.5699997
10/11/2011,113.9899979
11/11/2011,114.8399963
14/11/2011,113.1800003
15/11/2011,112.3899994
16/11/2011,112.3600006
17/11/2011,110.1900024
18/11/2011,109.4700012
22/11/2011,109.5
23/11/2011,108.0999985
25/11/2011,107.75
28/11/2011,109.4599991
29/11/2011,111.0100021
01/12/2011,110.5500031
02/12/2011,110.3099976
05/12/2011,111.4599991
06/12/2011,110.8799973
07/12/2011,110.4700012
08/12/2011,110.2399979
09/12/2011,108.6999969
12/12/2011,108.3199997
13/12/2011,109.6800003
14/12/2011,107.9300003
15/12/2011,106
16/12/2011,104.2399979
19/12/2011,104.2799988
20/12/2011,107.25
21/12/2011,107.8600006
22/12/2011,108.2300034
23/12/2011,108.1699982
27/12/2011,109.4800034
28/12/2011,108.6900024
29/12/2011,108.0100021
30/12/2011,107.3799973
03/01/2012,112.2900009
04/01/2012,113.8199997
05/01/2012,114.0500031
06/01/2012,113.3000031
09/01/2012,113.5899963
10/01/2012,113.4300003
11/01/2012,113.1500015
12/01/2012,114.5199966
13/01/2012,111
17/01/2012,112.4800034
18/01/2012,111.3499985
19/01/2012,111.5999985
20/01/2012,111.4800034
23/01/2012,111.2600021
24/01/2012,110.3399963
25/01/2012,110.8300018
26/01/2012,111.8300018
27/01/2012,111.9599991
30/01/2012,111.2200012
31/01/2012,112.6100006
01/02/2012,112.7600021
02/02/2012,112.5
03/02/2012,114.6200027
06/02/2012,116.5
07/02/2012,117.25
08/02/2012,117.6500015
09/02/2012,118.7699966
10/02/2012,117.6699982
13/02/2012,118.4499969
14/02/2012,118.1600037
15/02/2012,119.5299988
16/02/2012,120.3099976
17/02/2012,120.0400009
21/02/2012,121.6699982
22/02/2012,123.1800003
23/02/2012,124.4800034
24/02/2012,125.5500031
27/02/2012,124.5800018
28/02/2012,123.7900009
29/02/2012,123.0800018
01/03/2012,128.25
02/03/2012,124.9700012
05/03/2012,124.6200027
06/03/2012,123.0199966
07/03/2012,124.2699966
08/03/2012,126.2900009
09/03/2012,126.25
12/03/2012,125.3399963
13/03/2012,126.7099991
14/03/2012,126.6399994
15/03/2012,125.0400009
16/03/2012,126.0999985
19/03/2012,125.9199982
20/03/2012,125.9199982
21/03/2012,124.7799988
22/03/2012,123.7900009
23/03/2012,127.0199966
26/03/2012,125.8199997
27/03/2012,126.1200027
28/03/2012,124.3399963
29/03/2012,124.3499985
30/03/2012,124.0400009
02/04/2012,125.4899979
03/04/2012,125.9499969
04/04/2012,124.5500031
05/04/2012,123.4800034
09/04/2012,122.7099991
10/04/2012,122.2699966
11/04/2012,120.7399979
12/04/2012,121.7099991
13/04/2012,121.8300018
16/04/2012,120.0500031
17/04/2012,119.2799988
18/04/2012,118.2600021
19/04/2012,119.1500015
20/04/2012,119.6299973
23/04/2012,118.8600006
24/04/2012,118.8499985
25/04/2012,119.1900024
26/04/2012,120.0999985
27/04/2012,119.8300018
30/04/2012,119.6699982
01/05/2012,119.9599991
02/05/2012,119.1999969
03/05/2012,117.8899994
04/05/2012,114.8000031
07/05/2012,113.1600037
08/05/2012,113.0400009
09/05/2012,113.2600021
10/05/2012,113.6500015
11/05/2012,112.7699966
14/05/2012,111.6900024
15/05/2012,112.5299988
16/05/2012,111.7099991
17/05/2012,109.6299973
18/05/2012,107.8499985
21/05/2012,109.2200012
22/05/2012,109.2699966
23/05/2012,107.3300018
24/05/2012,107.1299973
25/05/2012,107.0899963
29/05/2012,107.8300018
30/05/2012,105.25
31/05/2012,103.7600021
01/06/2012,99.63999939
04/06/2012,99.08000183
05/06/2012,99.12000275
06/06/2012,101.2799988
07/06/2012,102.2900009
08/06/2012,99.88999939
11/06/2012,100.5899963
12/06/2012,97.91000366
13/06/2012,98.23999786
14/06/2012,97.02999878
15/06/2012,98.05999756
18/06/2012,97
19/06/2012,96.73000336
20/06/2012,95.48999786
21/06/2012,92.44000244
22/06/2012,91.51000214
25/06/2012,91.26000214
26/06/2012,93.13999939
27/06/2012,93.79000092
28/06/2012,93.65000153
29/06/2012,98.26999664
02/07/2012,97.58999634
03/07/2012,101.3499985
05/07/2012,101.4199982
06/07/2012,98.97000122
09/07/2012,100.9800034
10/07/2012,99.19999695
11/07/2012,100.3799973
12/07/2012,101.2699966
13/07/2012,102.6999969
16/07/2012,103.5500031
17/07/2012,104.5800018
18/07/2012,105.4000015
19/07/2012,108.1399994
20/07/2012,106.9100037
23/07/2012,104.5899963
24/07/2012,103.9300003
25/07/2012,104.6500015
26/07/2012,106.0100021
27/07/2012,106.5
30/07/2012,106.4800034
31/07/2012,106.3000031
01/08/2012,106.2300034
02/08/2012,106.6800003
03/08/2012,109.0699997
06/08/2012,109.6900024
07/08/2012,112.3700027
08/08/2012,113.0599976
09/08/2012,113.3000031
10/08/2012,113.0299988
13/08/2012,114.7799988
14/08/2012,114.0299988
15/08/2012,116.5999985
16/08/2012,116.9000015
17/08/2012,114.25
20/08/2012,114.4100037
21/08/2012,115.4700012
22/08/2012,115.1299973
23/08/2012,116.2900009
24/08/2012,115.1200027
27/08/2012,114.5299988
28/08/2012,112.7799988
29/08/2012,112.7799988
30/08/2012,113.2799988
31/08/2012,114.8600006
04/09/2012,115.8099976
05/09/2012,114.0100021
06/09/2012,115
07/09/2012,114.4400024
10/09/2012,114.9599991
11/09/2012,115.4300003
12/09/2012,116.0100021
13/09/2012,117
18/09/2012,113.8399963
19/09/2012,111
20/09/2012,110.3499985
21/09/2012,111.4800034
24/09/2012,110.1299973
25/09/2012,111.3199997
26/09/2012,110.0500031
27/09/2012,112.3700027
28/09/2012,112.7900009
01/10/2012,113.2399979
02/10/2012,111.9499969
03/10/2012,110.4000015
04/10/2012,112.6399994
05/10/2012,113
08/10/2012,112.25
09/10/2012,114.5999985
10/10/2012,115.5699997
11/10/2012,115.9100037
12/10/2012,115.1600037
15/10/2012,115.8600006
16/10/2012,115.0699997
19/10/2012,113.2200012
22/10/2012,110.9599991
23/10/2012,108.8799973
24/10/2012,108.7699966
25/10/2012,109.2200012
26/10/2012,109.6699982
31/10/2012,109.6999969
01/11/2012,108.7099991
02/11/2012,108.75
05/11/2012,108.1200027
06/11/2012,111.0999985
07/11/2012,110.4899979
08/11/2012,107.9300003
09/11/2012,109.5999985
12/11/2012,110.0999985
13/11/2012,108.5800018
14/11/2012,109.8000031
15/11/2012,110.9800034
19/11/2012,110.8399963
20/11/2012,111.6399994
21/11/2012,111.3399963
23/11/2012,111.5299988
26/11/2012,111.2900009
27/11/2012,111.0899963
28/11/2012,109.7399979
29/11/2012,111.2900009
30/11/2012,111.25
03/12/2012,112.3199997
04/12/2012,110.3300018
05/12/2012,110.3300018
06/12/2012,108.8700027
07/12/2012,107.8700027
10/12/2012,108.4599991
11/12/2012,108.3399963
12/12/2012,110.4700012
13/12/2012,109.1699982
14/12/2012,109.1500015
19/12/2012,110.4300003
20/12/2012,110.5299988
21/12/2012,109.8399963
24/12/2012,109
26/12/2012,111.4599991
27/12/2012,111.1500015
28/12/2012,110.7600021
31/12/2012,111.2200012
02/01/2013,112.9000015
03/01/2013,112.3899994
04/01/2013,111.7399979
07/01/2013,111.6699982
08/01/2013,112.4400024
09/01/2013,111.9499969
10/01/2013,112.9899979
11/01/2013,110.7399979
14/01/2013,112.0199966
15/01/2013,111.9100037
16/01/2013,110.6100006
17/01/2013,110.6100006
18/01/2013,110.6100006
22/01/2013,112.6500015
23/01/2013,113.1500015
24/01/2013,113.6200027
25/01/2013,113.8199997
28/01/2013,113.8000031
29/01/2013,114.4700012
30/01/2013,115.2200012
31/01/2013,115.7300034
01/02/2013,117.0699997
04/02/2013,116.3099976
05/02/2013,117.1699982
06/02/2013,117.0299988
07/02/2013,117.7900009
08/02/2013,119.1500015
11/02/2013,118.5299988
12/02/2013,118.8199997
13/02/2013,118.9199982
14/02/2013,118.5800018
15/02/2013,118.5800018
19/02/2013,117.5699997
20/02/2013,117.5
21/02/2013,114.3700027
22/02/2013,114.5599976
25/02/2013,115.8199997
26/02/2013,114.2900009
27/02/2013,113.1299973
28/02/2013,112.5599976
01/03/2013,110.7399979
04/03/2013,110.8799973
05/03/2013,111.8099976
06/03/2013,111.6699982
07/03/2013,111.4000015
08/03/2013,110.9400024
11/03/2013,110.4800034
12/03/2013,111.1800003
13/03/2013,109.6699982
14/03/2013,109.9400024
15/03/2013,109.3799973
19/03/2013,109.2799988
20/03/2013,108.8899994
21/03/2013,108.5599976
22/03/2013,107.9499969
25/03/2013,109.0299988
26/03/2013,109.5299988
27/03/2013,109.9400024
28/03/2013,110.0299988
01/04/2013,111.3000031
02/04/2013,111.7799988
03/04/2013,110.1200027
04/04/2013,108.0299988
05/04/2013,105.8899994
08/04/2013,105.5500031
09/04/2013,106.5
10/04/2013,106.1200027
11/04/2013,105.9199982
12/04/2013,103.2399979
15/04/2013,101.4199982
16/04/2013,100.3600006
17/04/2013,100.3600006
18/04/2013,99.76999664
19/04/2013,100.1100006
22/04/2013,101.0100021
23/04/2013,100.5699997
24/04/2013,101.9800034
25/04/2013,103.4800034
26/04/2013,103.4599991
29/04/2013,103.9300003
30/04/2013,103.8899994
01/05/2013,101.1699982
02/05/2013,102.9599991
03/05/2013,104.9000015
06/05/2013,105.5299988
07/05/2013,105.9300003
08/05/2013,104.7900009
09/05/2013,104.5199966
10/05/2013,104.0500031
13/05/2013,103.5999985
14/05/2013,102.9100037
15/05/2013,103.7900009
16/05/2013,104.0400009
17/05/2013,103.7200012
20/05/2013,103.7200012
21/05/2013,104.5999985
22/05/2013,103.7799988
23/05/2013,102.6600037
24/05/2013,102.7699966
28/05/2013,104.6800003
29/05/2013,104.3799973
30/05/2013,102.8499985
31/05/2013,101.8000031
03/06/2013,102.3799973
04/06/2013,103.5500031
05/06/2013,104.0599976
06/06/2013,103.9400024
07/06/2013,105
10/06/2013,104.3899994
11/06/2013,103
12/06/2013,104.0500031
13/06/2013,104.25
14/06/2013,104.2900009
18/06/2013,106.2200012
19/06/2013,106.5299988
20/06/2013,104.4400024
21/06/2013,102.6999969
24/06/2013,101.6200027
25/06/2013,101.9100037
26/06/2013,101.8700027
27/06/2013,103.3399963
28/06/2013,103.3000031
01/07/2013,103.6900024
02/07/2013,104.1100006
03/07/2013,106.0199966
05/07/2013,107.8499985
08/07/2013,107.6600037
09/07/2013,108.1699982
10/07/2013,108.6200027
11/07/2013,108.5400009
12/07/2013,109.0599976
15/07/2013,109.0899963
16/07/2013,109.4000015
17/07/2013,109.3600006
19/07/2013,109.1699982
22/07/2013,108.6600037
23/07/2013,108.5999985
24/07/2013,107.8899994
25/07/2013,107.8499985
26/07/2013,107.2799988
29/07/2013,107.8700027
30/07/2013,107.3799973
31/07/2013,107.9000015
01/08/2013,109.6299973
02/08/2013,109.3499985
05/08/2013,108.8799973
06/08/2013,109.0199966
07/08/2013,107.9300003
08/08/2013,107.0100021
09/08/2013,108.2600021
12/08/2013,109.1200027
13/08/2013,110.0400009
14/08/2013,110.3199997
15/08/2013,111.2900009
16/08/2013,111.1699982
20/08/2013,110.7099991
21/08/2013,110.2799988
22/08/2013,110.0299988
23/08/2013,111.2300034
26/08/2013,111.1600037
27/08/2013,114.4199982
28/08/2013,116.6800003
29/08/2013,117.0199966
30/08/2013,115.3899994
03/09/2013,115.9199982
04/09/2013,115.5
05/09/2013,115.3499985
06/09/2013,116.5100021
09/09/2013,115.2699966
10/09/2013,113.4700012
11/09/2013,112.0599976
12/09/2013,112.8700027
13/09/2013,112.7799988
18/09/2013,111.0299988
19/09/2013,110.9599991
20/09/2013,109.6600037
23/09/2013,109.2600021
24/09/2013,108.8899994
25/09/2013,109.9400024
26/09/2013,109.2399979
27/09/2013,109.6500015
30/09/2013,108.6600037
01/10/2013,108.3600006
02/10/2013,109.4700012
03/10/2013,109.8399963
04/10/2013,109.7399979
07/10/2013,110.0999985
08/10/2013,110.7900009
09/10/2013,110.0400009
10/10/2013,111.9800034
11/10/2013,111.6999969
14/10/2013,111.1999969
15/10/2013,110.5800018
16/10/2013,110.8600006
17/10/2013,110.9700012
21/10/2013,110.1299973
22/10/2013,110.9000015
23/10/2013,110.9000015
24/10/2013,108.2300034
25/10/2013,107.3199997
28/10/2013,109.6900024
29/10/2013,109.4000015
30/10/2013,110.1200027
31/10/2013,109.8000031
01/11/2013,109.3899994
04/11/2013,106.5400009
05/11/2013,106.4899979
06/11/2013,106.3600006
07/11/2013,105.1299973
08/11/2013,105.3799973
11/11/2013,106.4899979
12/11/2013,107.3499985
13/11/2013,107.4100037
14/11/2013,108.8700027
15/11/2013,108.5500031
19/11/2013,108.6100006
20/11/2013,108.3700027
21/11/2013,110.2699966
22/11/2013,111.3700027
25/11/2013,111.6600037
26/11/2013,111.4800034
27/11/2013,111.6500015
29/11/2013,111.5
02/12/2013,112.3199997
03/12/2013,112.9100037
04/12/2013,112.9400024
05/12/2013,112.1999969
06/12/2013,112.0500031
09/12/2013,111.6999969
10/12/2013,110.4499969
11/12/2013,109.8600006
12/12/2013,109.9199982
13/12/2013,108.9300003
16/12/2013,110.6999969
17/12/2013,110.4100037
19/12/2013,110.5199966
20/12/2013,111.8499985
23/12/2013,112
24/12/2013,112.0599976
26/12/2013,112.0599976
27/12/2013,112.8000031
30/12/2013,112.5500031
31/12/2013,111.4499969
02/01/2014,111.3199997
03/01/2014,108.6200027
06/01/2014,107.9499969
07/01/2014,107.7099991
08/01/2014,107.9199982
09/01/2014,108.1600037
10/01/2014,107.4599991
13/01/2014,107.7699966
14/01/2014,107.1299973
15/01/2014,107.5199966
16/01/2014,107.25
17/01/2014,107.0599976
22/01/2014,108.3199997
23/01/2014,108.25
24/01/2014,108.0199966
27/01/2014,107.8000031
28/01/2014,107.7799988
29/01/2014,108.0100021
30/01/2014,108.4000015
31/01/2014,107.9300003
03/02/2014,106.7099991
04/02/2014,106.2200012
05/02/2014,106.4300003
06/02/2014,107.4499969
07/02/2014,109.7200012
10/02/2014,109.6800003
11/02/2014,109.2300034
12/02/2014,109.4899979
13/02/2014,108.7300034
14/02/2014,108.7300034
19/02/2014,110.8300018
20/02/2014,110.4499969
21/02/2014,110.3799973
24/02/2014,110.7600021
25/02/2014,110.5199966
26/02/2014,109.9700012
27/02/2014,109.4199982
28/02/2014,109.3600006
03/03/2014,112.3799973
04/03/2014,111.8000031
05/03/2014,109.2699966
06/03/2014,108.5299988
07/03/2014,109.0800018
10/03/2014,108.6699982
11/03/2014,108.6699982
12/03/2014,108.5500031
13/03/2014,108.4700012
14/03/2014,108.6500015
17/03/2014,108.5400009
18/03/2014,106.8300018
19/03/2014,106.8000031
20/03/2014,106.7399979
21/03/2014,107.7600021
24/03/2014,107.4800034
25/03/2014,107.4700012
26/03/2014,107.3199997
27/03/2014,107.9700012
28/03/2014,108.3700027
31/03/2014,108.3300018
01/04/2014,107.7699966
02/04/2014,105.7799988
03/04/2014,106.3099976
04/04/2014,107.0299988
07/04/2014,106.6100006
08/04/2014,107.8300018
09/04/2014,108.1299973
10/04/2014,107.8499985
11/04/2014,107.8700027
14/04/2014,109.1299973
15/04/2014,108.9300003
16/04/2014,108.8000031
17/04/2014,110.1800003
21/04/2014,110.0500031
22/04/2014,109.9599991
23/04/2014,109.5299988
24/04/2014,110.6299973
25/04/2014,110.6200027
28/04/2014,110.1600037
29/04/2014,109.3499985
30/04/2014,108.7300034
01/05/2014,108.0699997
02/05/2014,108.9300003
05/05/2014,108.8799973
06/05/2014,108.1999969
07/05/2014,108.2200012
08/05/2014,108.1399994
09/05/2014,109.0100021
12/05/2014,108.7300034
13/05/2014,109.3499985
14/05/2014,110.3300018
15/05/2014,110.5899963
16/05/2014,110.4199982
19/05/2014,110.3000031
20/05/2014,110
21/05/2014,110.7300034
22/05/2014,111.0299988
23/05/2014,110.6999969
27/05/2014,110.75
28/05/2014,110.3600006
29/05/2014,110.4499969
30/05/2014,110.0999985
02/06/2014,109.9000015
03/06/2014,108.9800034
04/06/2014,109.4499969
05/06/2014,108.9300003
06/06/2014,109.2900009
09/06/2014,110.1600037
10/06/2014,110.3099976
11/06/2014,110.25
12/06/2014,113.2200012
13/06/2014,114.4000015
16/06/2014,113.2200012
17/06/2014,113.8000031
18/06/2014,114.4800034
19/06/2014,115.6900024
20/06/2014,115.0800018
23/06/2014,115.6500015
24/06/2014,114.8199997
25/06/2014,114.7799988
26/06/2014,114.2399979
27/06/2014,113.7099991
30/06/2014,113.0999985
01/07/2014,112.8000031
02/07/2014,112.3600006
03/07/2014,111.1600037
07/07/2014,111.2699966
08/07/2014,110.2300034
09/07/2014,108.9899979
10/07/2014,108.8799973
11/07/2014,108.5699997
14/07/2014,107.4499969
15/07/2014,106.8899994
16/07/2014,106.4400024
17/07/2014,105.9599991
18/07/2014,108.6399994
21/07/2014,107.8499985
22/07/2014,108.3700027
23/07/2014,108.1999969
24/07/2014,108.0899963
25/07/2014,108.4499969
28/07/2014,108.0800018
29/07/2014,108.0299988
30/07/2014,107.8499985
31/07/2014,106.5800018
01/08/2014,106.1100006
04/08/2014,105.6600037
05/08/2014,105.6200027
06/08/2014,105.4400024
07/08/2014,105.8899994
08/08/2014,106.8199997
11/08/2014,105.4100037
12/08/2014,104.5299988
13/08/2014,104.3399963
14/08/2014,104.1299973
15/08/2014,101.9499969
18/08/2014,102.9899979
19/08/2014,102.0599976
20/08/2014,102.3600006
21/08/2014,102.7799988
22/08/2014,102.8199997
25/08/2014,102.8000031
26/08/2014,103.3700027
27/08/2014,103.0400009
28/08/2014,103.2099991
29/08/2014,103.3099976
02/09/2014,103.2799988
03/09/2014,103.1299973
04/09/2014,102.9499969
05/09/2014,102.4100037
08/09/2014,100.9899979
09/09/2014,100.5999985
10/09/2014,99.43000031
11/09/2014,98.45999908
12/09/2014,98.77999878
15/09/2014,97.12999725
16/09/2014,96.62999725
17/09/2014,99.54000092
18/09/2014,99.13999939
19/09/2014,98.48000336
22/09/2014,98.19999695
23/09/2014,97.56999969
24/09/2014,97.26999664
25/09/2014,97.55000305
26/09/2014,97.5
29/09/2014,97.33999634
30/09/2014,97.79000092
01/10/2014,96.22000122
02/10/2014,94.34999847
03/10/2014,93.95999908
06/10/2014,93.19000244
07/10/2014,92.93000031
08/10/2014,91.81999969
09/10/2014,91.83000183
10/10/2014,90.45999908
13/10/2014,89.69000244
14/10/2014,88.69999695
15/10/2014,85.61000061
16/10/2014,84.80000305
17/10/2014,84.54000092
20/10/2014,86.68000031
21/10/2014,86.47000122
22/10/2014,87.05000305
23/10/2014,87.16000366
24/10/2014,86.68000031
27/10/2014,86.25
28/10/2014,86.34999847
29/10/2014,87.91999817
30/10/2014,87.12000275
31/10/2014,86.22000122
03/11/2014,86.38999939
04/11/2014,84.38999939
05/11/2014,84.45999908
06/11/2014,83.22000122
07/11/2014,83.84999847
10/11/2014,84.94999695
11/11/2014,82.30999756
12/11/2014,81.65000153
13/11/2014,79.91000366
14/11/2014,77.73999786
17/11/2014,79.44000244
18/11/2014,79.93000031
19/11/2014,79.44000244
20/11/2014,79.90000153
21/11/2014,81.55999756
24/11/2014,80.79000092
25/11/2014,80.44000244
26/11/2014,78.86000061
28/11/2014,77.38999939
01/12/2014,73.01000214
02/12/2014,73.01000214
03/12/2014,71.44999695
04/12/2014,70.61000061
05/12/2014,69.87999725
08/12/2014,68.44000244
09/12/2014,67.01999664
10/12/2014,66.30999756
11/12/2014,65.09999847
12/12/2014,63.54999924
15/12/2014,63.22999954
16/12/2014,60.95999908
17/12/2014,59.79999924
18/12/2014,63.63000107
19/12/2014,62.63999939
22/12/2014,62.93999863
23/12/2014,62.11000061
24/12/2014,61.68000031
26/12/2014,60.95000076
29/12/2014,60.40999985
30/12/2014,58.36999893
31/12/2014,57.77000046
02/01/2015,58.22000122
05/01/2015,56.29000092
06/01/2015,53.52000046
07/01/2015,51.84000015
08/01/2015,51.88999939
09/01/2015,51.56000137
12/01/2015,49.88999939
13/01/2015,47.27000046
14/01/2015,49.06999969
15/01/2015,50.33000183
16/01/2015,47.68999863
20/01/2015,50.31999969
21/01/2015,49.59000015
22/01/2015,50.43999863
23/01/2015,50.09999847
26/01/2015,49.27000046
27/01/2015,49.97999954
28/01/2015,49.70999908
29/01/2015,49.27000046
30/01/2015,53.06000137
02/02/2015,55.70000076
03/02/2015,58.99000168
04/02/2015,58.04999924
05/02/2015,57.84999847
06/02/2015,59.02999878
09/02/2015,59.56000137
10/02/2015,58.54000092
11/02/2015,56.95999908
12/02/2015,57.38999939
13/02/2015,57.38999939
17/02/2015,63.02999878
18/02/2015,62.38999939
19/02/2015,60.97000122
20/02/2015,61.13000107
23/02/2015,60.63999939
24/02/2015,60.31000137
25/02/2015,62.13000107
26/02/2015,62.63000107
27/02/2015,62.81000137
02/03/2015,62.40000153
03/03/2015,61.81000137
04/03/2015,60.90999985
05/03/2015,61.54999924
06/03/2015,61.20000076
09/03/2015,60.02999878
10/03/2015,58.72999954
11/03/2015,57.91999817
12/03/2015,58.79000092
13/03/2015,57.25999832
16/03/2015,54.61999893
17/03/2015,53.43000031
18/03/2015,56.84999847
19/03/2015,56.54000092
20/03/2015,55.68000031
23/03/2015,56.18999863
24/03/2015,56.79000092
25/03/2015,57.15999985
26/03/2015,59.74000168
27/03/2015,59.00999832
30/03/2015,56.65000153
31/03/2015,56.36999893
01/04/2015,57.68999863
02/04/2015,57.24000168
06/04/2015,58.25
07/04/2015,59.27000046
08/04/2015,58.70999908
09/04/2015,58.04000092
10/04/2015,58.13000107
13/04/2015,59.52999878
14/04/2015,59.13999939
15/04/2015,60.31999969
16/04/2015,60.40000153
17/04/2015,64.48999786
20/04/2015,64.33999634
21/04/2015,63.47000122
22/04/2015,63.31000137
23/04/2015,65.58999634
24/04/2015,65.76999664
27/04/2015,65.56999969
28/04/2015,65.48000336
29/04/2015,66.70999908
30/04/2015,66.94000244
01/05/2015,66.87999725
04/05/2015,67.08999634
05/05/2015,68.38999939
06/05/2015,69.59999847
07/05/2015,68.45999908
08/05/2015,66.09999847
11/05/2015,65.69000244
12/05/2015,67.26999664
13/05/2015,68.15000153
14/05/2015,67.20999908
15/05/2015,66.56999969
18/05/2015,67.88999939
19/05/2015,66.26999664
20/05/2015,65.16999817
21/05/2015,66.86000061
22/05/2015,66.58999634
26/05/2015,66.22000122
27/05/2015,64.66000366
28/05/2015,62.95000076
29/05/2015,65.83000183
01/06/2015,65.73999786
02/06/2015,65.84999847
03/06/2015,65.38999939
04/06/2015,64.08000183
05/06/2015,63.41999817
08/06/2015,63.31999969
09/06/2015,65.19999695
10/06/2015,66.34999847
11/06/2015,66.04000092
12/06/2015,64.91999817
15/06/2015,63.72000122
16/06/2015,62.63000107
17/06/2015,65.45999908
18/06/2015,64.94999695
19/06/2015,64.54000092
22/06/2015,63.72999954
23/06/2015,64.94999695
24/06/2015,65.05999756
25/06/2015,63.93000031
26/06/2015,63.61999893
29/06/2015,62.95999908
30/06/2015,63.81999969
01/07/2015,63.34999847
02/07/2015,63.18999863
06/07/2015,60.34000015
07/07/2015,57.83000183
08/07/2015,57.75
09/07/2015,59.25
10/07/2015,59.68000031
13/07/2015,58.83000183
14/07/2015,58.74000168
15/07/2015,58.75999832
16/07/2015,58.34000015
17/07/2015,57.72000122
20/07/2015,57.43000031
21/07/2015,57.43000031
22/07/2015,56.88999939
23/07/2015,56.52000046
24/07/2015,55.59000015
27/07/2015,54.86000061
28/07/2015,54.06999969
29/07/2015,54.31999969
30/07/2015,54.36000061
31/07/2015,53.63999939
03/08/2015,51.97000122
04/08/2015,50.45000076
05/08/2015,51.02999878
06/08/2015,49.81999969
07/08/2015,50.04999924
10/08/2015,50.49000168
11/08/2015,51.09999847
12/08/2015,50.02000046
13/08/2015,50.34999847
14/08/2015,49.61999893
17/08/2015,49.02999878
18/08/2015,49.02999878
19/08/2015,49.09999847
20/08/2015,47.36999893
21/08/2015,46.5
24/08/2015,45.45000076
25/08/2015,44.49000168
26/08/2015,43.75999832
27/08/2015,47.72999954
28/08/2015,50.97999954
31/08/2015,54.29000092
01/09/2015,53.45999908
02/09/2015,51.00999832
03/09/2015,52.45000076
04/09/2015,51.04000092
08/09/2015,49.84999847
09/09/2015,50.02999878
10/09/2015,48.97000122
11/09/2015,48.95999908
14/09/2015,48.31999969
15/09/2015,46.88000107
16/09/2015,46.61000061
17/09/2015,50.13999939
18/09/2015,49.79999924
21/09/2015,48.97999954
22/09/2015,49.20999908
23/09/2015,50.25999832
24/09/2015,48.47000122
25/09/2015,49.18000031
28/09/2015,48.38999939
29/09/2015,48.63999939
30/09/2015,49
01/10/2015,49.84000015
02/10/2015,48.49000168
05/10/2015,49.86000061
06/10/2015,52.25999832
07/10/2015,53.13999939
08/10/2015,53.56000137
09/10/2015,54.04999924
12/10/2015,53.29999924
13/10/2015,50.68999863
14/10/2015,49.5
15/10/2015,49.36000061
16/10/2015,48.72999954
19/10/2015,50.63999939
20/10/2015,49.18999863
21/10/2015,48.65999985
22/10/2015,48.72999954
23/10/2015,48.63999939
26/10/2015,48.31000137
27/10/2015,47.54000092
28/10/2015,49.22999954
29/10/2015,49.40000153
30/10/2015,50
02/11/2015,49.68000031
03/11/2015,50.91999817
04/11/2015,50.86000061
05/11/2015,49
06/11/2015,48.56999969
09/11/2015,48.40000153
10/11/2015,47.84999847
11/11/2015,47.74000168
12/11/2015,46.18000031
13/11/2015,44.84000015
16/11/2015,43.58000183
17/11/2015,45.09999847
18/11/2015,44.72999954
19/11/2015,44.75999832
20/11/2015,45.5
23/11/2015,45.72000122
24/11/2015,46.5
25/11/2015,46.47999954
27/11/2015,46.29000092
30/11/2015,45.74000168
01/12/2015,45.16999817
02/12/2015,44.61999893
03/12/2015,44.68999863
04/12/2015,44.81999969
07/12/2015,43.22000122
08/12/2015,41.45000076
09/12/2015,41.56999969
10/12/2015,40.66999817
11/12/2015,39.74000168
14/12/2015,38.40999985
15/12/2015,39.40000153
16/12/2015,38.20000076
17/12/2015,37.18000031
18/12/2015,37.72000122
21/12/2015,36.81000137
22/12/2015,36.72000122
23/12/2015,37.88999939
24/12/2015,38.09999847
28/12/2015,37.97000122
29/12/2015,37.97000122
30/12/2015,37.54000092
31/12/2015,37.95000076
04/01/2016,38.99000168
05/01/2016,37.56999969
06/01/2016,36.72000122
07/01/2016,34.72999954
08/01/2016,34.72999954
11/01/2016,33.38000107
12/01/2016,32.38000107
13/01/2016,31.98999977
14/01/2016,31.20000076
15/01/2016,31.01000023
19/01/2016,30.31999969
20/01/2016,28.96999931
21/01/2016,29.82999992
22/01/2016,32.29000092
25/01/2016,32.79999924
26/01/2016,32.72000122
27/01/2016,33.5
28/01/2016,35.83000183
29/01/2016,35
01/02/2016,34.68999863
02/02/2016,34.31999969
03/02/2016,35.47999954
04/02/2016,35.81999969
05/02/2016,35.13000107
08/02/2016,34.66999817
09/02/2016,33.54999924
10/02/2016,31.89999962
11/02/2016,31.35000038
12/02/2016,33.43000031
16/02/2016,35.52999878
17/02/2016,34.95999908
18/02/2016,35.72999954
19/02/2016,34.43999863
22/02/2016,34.97000122
23/02/2016,35.11000061
24/02/2016,34.65999985
25/02/2016,35.72999954
26/02/2016,36.99000168
29/02/2016,36.20999908
01/03/2016,35.95999908
02/03/2016,37.38000107
03/03/2016,37.36000061
04/03/2016,38.97999954
07/03/2016,41.04000092
08/03/2016,41.47999954
09/03/2016,41.24000168
10/03/2016,41
11/03/2016,41.00999832
14/03/2016,40.54999924
15/03/2016,39.77000046
16/03/2016,40.41999817
17/03/2016,41.59000015
18/03/2016,42.54000092
21/03/2016,41.86999893
22/03/2016,42.11999893
23/03/2016,41.81000137
24/03/2016,40.63999939
28/03/2016,41
29/03/2016,40.22999954
30/03/2016,40.59000015
31/03/2016,40.02000046
01/04/2016,39.65999985
04/04/2016,38.90999985
05/04/2016,38.38999939
06/04/2016,39.93000031
07/04/2016,40.27999878
08/04/2016,42
11/04/2016,43.06000137
12/04/2016,44.79999924
13/04/2016,44.93000031
14/04/2016,44.59999847
15/04/2016,44.06000137
18/04/2016,43.40999985
19/04/2016,44.50999832
20/04/2016,45.88999939
21/04/2016,46.16999817
22/04/2016,45.88999939
25/04/2016,45.59000015
26/04/2016,46.47999954
27/04/2016,47.43999863
28/04/2016,48.18000031
29/04/2016,48.49000168
02/05/2016,48.09999847
03/05/2016,46.75
04/05/2016,46
05/05/2016,46.77000046
06/05/2016,46.11000061
09/05/2016,46.45999908
10/05/2016,45.68999863
11/05/2016,47.75
12/05/2016,48.18000031
13/05/2016,48.09999847
16/05/2016,49.47000122
17/05/2016,49.63000107
18/05/2016,49.84000015
19/05/2016,48.86999893
20/05/2016,49.34000015
23/05/2016,48.81000137
24/05/2016,49.25
25/05/2016,49.93000031
26/05/2016,50.5
27/05/2016,49.54000092
31/05/2016,50.04999924
01/06/2016,49.70999908
02/06/2016,50.29999924
03/06/2016,50.33000183
06/06/2016,50.81999969
07/06/2016,51.54000092
08/06/2016,52.79999924
09/06/2016,52.84999847
10/06/2016,52.08000183
13/06/2016,50.77999878
14/06/2016,50.04999924
15/06/2016,49.79999924
16/06/2016,48.77000046
17/06/2016,49.38999939
20/06/2016,50.68000031
21/06/2016,51.09999847
22/06/2016,51.22999954
23/06/2016,51
24/06/2016,51.22999954
27/06/2016,48.90999985
28/06/2016,48.75999832
29/06/2016,50.72000122
30/06/2016,50.29999924
01/07/2016,49.84000015
05/07/2016,50.72999954
06/07/2016,49.29999924
07/07/2016,49.59999847
08/07/2016,47.22999954
11/07/2016,47.11000061
12/07/2016,48.56000137
13/07/2016,48.20000076
14/07/2016,47.47000122
15/07/2016,48.08000183
18/07/2016,47.86999893
19/07/2016,47.47999954
20/07/2016,47.5
21/07/2016,47.54999924
22/07/2016,46.49000168
25/07/2016,45.86000061
26/07/2016,44.97999954
27/07/2016,44.90999985
28/07/2016,43.75
29/07/2016,42.79999924
01/08/2016,42.45000076
02/08/2016,43.16999817
03/08/2016,43.43999863
04/08/2016,44.33000183
05/08/2016,44.49000168
08/08/2016,45.70999908
09/08/2016,45.75999832
10/08/2016,45.66999817
11/08/2016,46.31000137
12/08/2016,47.25
15/08/2016,48.52999878
16/08/2016,49.34999847
17/08/2016,49.99000168
18/08/2016,51.04999924
19/08/2016,51.22000122
22/08/2016,50.74000168
23/08/2016,50.20000076
24/08/2016,49.86000061
25/08/2016,49.77999878
26/08/2016,50.75
29/08/2016,49.61999893
30/08/2016,49.75999832
31/08/2016,48.40000153
01/09/2016,47.04999924
02/09/2016,47.00999832
06/09/2016,49.36999893
07/09/2016,48.54000092
08/09/2016,50.13999939
09/09/2016,49.68000031
12/09/2016,48.61999893
13/09/2016,48.20999908
14/09/2016,47.47000122
15/09/2016,47
16/09/2016,46.40000153
19/09/2016,46.91999817
20/09/2016,46.29000092
21/09/2016,47.15000153
22/09/2016,47.84000015
23/09/2016,48.25
26/09/2016,47.65999985
27/09/2016,47.27999878
28/09/2016,48.93999863
29/09/2016,49.79999924
30/09/2016,49.27999878
03/10/2016,49.09999847
04/10/2016,51.34999847
05/10/2016,52.09000015
06/10/2016,52.72000122
07/10/2016,52.84000015
11/10/2016,53.31000137
12/10/2016,52.84999847
13/10/2016,52.15000153
14/10/2016,52.56000137
17/10/2016,52.27999878
18/10/2016,52.11999893
19/10/2016,53.13999939
20/10/2016,52.68000031
21/10/2016,51.93000031
24/10/2016,52
25/10/2016,51.83000183
26/10/2016,50.68999863
27/10/2016,50.90000153
28/10/2016,50.56999969
31/10/2016,49.68999863
01/11/2016,48.33000183
02/11/2016,48.06999969
03/11/2016,47.50999832
04/11/2016,46.54000092
07/11/2016,46.38000107
08/11/2016,46.68000031
09/11/2016,46.95000076
10/11/2016,46.90999985
14/11/2016,44.97999954
15/11/2016,47.25999832
16/11/2016,47.56000137
17/11/2016,47.61000061
18/11/2016,46.97999954
21/11/2016,49.15000153
22/11/2016,49.97000122
23/11/2016,49.5
25/11/2016,49.20000076
28/11/2016,48.81000137
29/11/2016,48.09999847
30/11/2016,50.47000122
01/12/2016,50.45999908
02/12/2016,54.5
05/12/2016,55.33000183
06/12/2016,54.93000031
07/12/2016,54.20999908
08/12/2016,54.04999924
09/12/2016,54.43999863
12/12/2016,57.49000168
13/12/2016,56.43000031
14/12/2016,55.79999924
15/12/2016,54.5
16/12/2016,55.38000107
19/12/2016,55.79000092
20/12/2016,55.90999985
21/12/2016,55.86000061
22/12/2016,55.22999954
23/12/2016,55.34000015
27/12/2016,56.25999832
28/12/2016,56.56000137
29/12/2016,56.63999939
30/12/2016,56.13000107
03/01/2017,58.36999893
04/01/2017,56.52999878
05/01/2017,57.34000015
06/01/2017,57.45999908
09/01/2017,56.99000168
10/01/2017,55.34000015
11/01/2017,55.66999817
12/01/2017,56.43000031
13/01/2017,56.20000076
17/01/2017,56.97000122
18/01/2017,55.88999939
19/01/2017,54.75
20/01/2017,55.79000092
23/01/2017,55.74000168
24/01/2017,55.84999847
25/01/2017,55.63999939
26/01/2017,56.54999924
27/01/2017,56.5
30/01/2017,55.63999939
31/01/2017,55.93999863
01/02/2017,55.65999985
02/02/2017,57.43000031
03/02/2017,57.29000092
06/02/2017,57.11000061
07/02/2017,55.97999954
08/02/2017,55.66999817
09/02/2017,55.91999817
10/02/2017,56.86999893
13/02/2017,56.79999924
14/02/2017,56.45000076
15/02/2017,56.25
16/02/2017,56.22999954
17/02/2017,55.86999893
21/02/2017,57.29999924
22/02/2017,56.99000168
23/02/2017,57.34999847
24/02/2017,56.65000153
27/02/2017,56.75999832
28/02/2017,56.06999969
01/03/2017,55.59999847
02/03/2017,56.43999863
03/03/2017,55.93999863
06/03/2017,56.24000168
07/03/2017,56.63999939
08/03/2017,55.75999832
09/03/2017,53.84999847
10/03/2017,53.00999832
13/03/2017,51.68999863
14/03/2017,51.83000183
15/03/2017,52.04000092
16/03/2017,52.59000015
17/03/2017,52.16999817
20/03/2017,51.93000031
21/03/2017,52.20999908
22/03/2017,50.97000122
23/03/2017,51.09000015
24/03/2017,51.04999924
27/03/2017,51.09999847
28/03/2017,51.86999893
29/03/2017,52.45999908
30/03/2017,53.09000015
31/03/2017,53.31999969
03/04/2017,52.72999954
04/04/2017,54.36000061
05/04/2017,55.08000183
06/04/2017,54.99000168
07/04/2017,56.06999969
10/04/2017,56.04999924
11/04/2017,56.27999878
12/04/2017,56.63000107
13/04/2017,56.06000137
17/04/2017,55.97000122
18/04/2017,55.49000168
19/04/2017,55.22000122
20/04/2017,53.54000092
21/04/2017,53.27999878
24/04/2017,52.58000183
25/04/2017,52.38000107
26/04/2017,52.43999863
27/04/2017,51.75
28/04/2017,52.09999847
01/05/2017,51.65999985
03/05/2017,51.11999893
04/05/2017,50.72000122
05/05/2017,49.61999893
08/05/2017,49.88000107
09/05/2017,49.70999908
10/05/2017,50.61999893
11/05/2017,51.15000153
12/05/2017,51.08000183
15/05/2017,52.61999893
16/05/2017,52.34999847
17/05/2017,52.59999847
18/05/2017,52.74000168
19/05/2017,53.79000092
22/05/2017,54.36999893
23/05/2017,54.47000122
24/05/2017,54.61999893
25/05/2017,54.65999985
26/05/2017,52.25999832
30/05/2017,52.59999847
31/05/2017,51.75
01/06/2017,50.33000183
02/06/2017,50.50999832
05/06/2017,50.72999954
06/06/2017,50.29999924
07/06/2017,50.13000107
08/06/2017,48.58000183
09/06/2017,48.54000092
12/06/2017,49.11999893
13/06/2017,48.81000137
14/06/2017,48.68000031
15/06/2017,47.18999863
16/06/2017,47.59999847
19/06/2017,47.75
20/06/2017,47.22000122
21/06/2017,46.61000061
22/06/2017,45.77999878
23/06/2017,45.74000168
26/06/2017,46.22000122
27/06/2017,47.04000092
28/06/2017,47.47000122
29/06/2017,48
30/06/2017,48.20000076
03/07/2017,47.86999893
05/07/2017,49.88999939
06/07/2017,49.16999817
07/07/2017,47.99000168
10/07/2017,47.36999893
11/07/2017,48.16999817
12/07/2017,48.75
13/07/2017,48.52999878
14/07/2017,49.08000183
17/07/2017,49.25
18/07/2017,49.40000153
19/07/2017,49.79999924
20/07/2017,50.18000031
21/07/2017,49.63999939
24/07/2017,48.75999832
25/07/2017,50.90000153
26/07/2017,51.02999878
27/07/2017,51.63999939
28/07/2017,52.66999817
31/07/2017,52.84999847
01/08/2017,52.63000107
02/08/2017,52.41999817
03/08/2017,52.86999893
04/08/2017,52.52000046
07/08/2017,52.56000137
08/08/2017,52.72999954
09/08/2017,52.81999969
10/08/2017,53.63000107
11/08/2017,52.27000046
14/08/2017,52.38999939
15/08/2017,51.09999847
16/08/2017,51.34999847
17/08/2017,51.11000061
18/08/2017,52.95000076
21/08/2017,52.90000153
22/08/2017,52.27000046
23/08/2017,52.61999893
24/08/2017,52.70999908
25/08/2017,52.79000092
28/08/2017,53.15999985
29/08/2017,52.15000153
30/08/2017,52.02000046
31/08/2017,52.38000107
01/09/2017,52.31999969
05/09/2017,53.65000153
06/09/2017,54.29999924
07/09/2017,54.66999817
08/09/2017,54.86000061
11/09/2017,54.11000061
12/09/2017,54.43999863
13/09/2017,55.20000076
14/09/2017,56
15/09/2017,55.84999847
18/09/2017,55.93999863
19/09/2017,55.88000107
20/09/2017,56.47999954
21/09/2017,56.52999878
22/09/2017,56.90000153
25/09/2017,59.22000122
26/09/2017,59.49000168
27/09/2017,58.86000061
28/09/2017,58.61999893
29/09/2017,57.75999832
02/10/2017,57.45999908
03/10/2017,56.38999939
04/10/2017,56.18999863
05/10/2017,57.24000168
06/10/2017,57.27000046
09/10/2017,55.97999954
10/10/2017,56.90999985
11/10/2017,57.09000015
12/10/2017,56.81999969
13/10/2017,57.56000137
16/10/2017,58.47000122
17/10/2017,58.34999847
18/10/2017,58.54000092
19/10/2017,58.27999878
20/10/2017,57.90000153
23/10/2017,58.02999878
24/10/2017,58.47999954
25/10/2017,58.72999954
26/10/2017,59.54999924
27/10/2017,60.65999985
30/10/2017,61
31/10/2017,61.38000107
01/11/2017,61.29000092
02/11/2017,60.81999969
03/11/2017,62.22000122
06/11/2017,64.44000244
07/11/2017,64.63999939
08/11/2017,64.63999939
09/11/2017,64.23999786
10/11/2017,64.26999664
13/11/2017,63.72999954
14/11/2017,63.20999908
15/11/2017,62.11999893
16/11/2017,62.15000153
17/11/2017,62.90000153
20/11/2017,62.79999924
21/11/2017,62.84000015
22/11/2017,63.40999985
24/11/2017,63.95000076
27/11/2017,63.97999954
28/11/2017,63.90000153
29/11/2017,64.04000092
30/11/2017,64.19999695
01/12/2017,63.49000168
04/12/2017,63.63999939
05/12/2017,63.13000107
06/12/2017,62.91999817
07/12/2017,62.25
08/12/2017,63.63000107
11/12/2017,64.91999817
12/12/2017,65.81999969
13/12/2017,64.30999756
14/12/2017,63.5
15/12/2017,63.66999817
18/12/2017,63.90999985
19/12/2017,63.90999985
20/12/2017,64.59999847
21/12/2017,64.91999817
22/12/2017,65.27999878
26/12/2017,67.08000183
27/12/2017,66.94000244
28/12/2017,66.77999878
29/12/2017,66.59999847
02/01/2018,67.27999878
03/01/2018,68.01000214
04/01/2018,68.26000214
05/01/2018,68.08999634
08/01/2018,67.98000336
09/01/2018,69.19999695
10/01/2018,69.36000061
11/01/2018,70.02999878
12/01/2018,69.91999817
16/01/2018,70.37000275
17/01/2018,69.58999634
18/01/2018,69.66000366
19/01/2018,69.15000153
22/01/2018,69.51000214
23/01/2018,70.23999786
24/01/2018,70.91000366
25/01/2018,71.26000214
26/01/2018,70.83000183
29/01/2018,70.63999939
30/01/2018,69.51999664
31/01/2018,69.06999969
01/02/2018,69.08000183
02/02/2018,70.01000214
05/02/2018,68.45999908
06/02/2018,67.58999634
07/02/2018,67.72000122
08/02/2018,65.58999634
09/02/2018,64.62999725
12/02/2018,64.41000366
13/02/2018,63.09999847
14/02/2018,64.55999756
15/02/2018,65.09999847
16/02/2018,65.19999695
20/02/2018,65.83000183
21/02/2018,65.52999878
22/02/2018,66.55000305
23/02/2018,67.37000275
26/02/2018,67.90000153
27/02/2018,67.62999725
28/02/2018,66.87999725
01/03/2018,65.70999908
02/03/2018,64.68000031
05/03/2018,65.87000275
06/03/2018,66.15000153
07/03/2018,65.77999878
08/03/2018,64.55000305
09/03/2018,65.62000275
12/03/2018,65.83000183
13/03/2018,65.66000366
14/03/2018,65.19000244
15/03/2018,65.38999939
16/03/2018,66.41999817
19/03/2018,66.34999847
20/03/2018,67.88999939
21/03/2018,69.84999847
22/03/2018,69.91000366
23/03/2018,70.56999969
26/03/2018,71.05000305
27/03/2018,71.02999878
28/03/2018,70.25
29/03/2018,70.43000031
02/04/2018,70.13999939
04/04/2018,68.26999664
05/04/2018,68.91999817
06/04/2018,68.62000275
09/04/2018,68.80000305
10/04/2018,71.31999969
11/04/2018,73.08000183
12/04/2018,72.45999908
13/04/2018,72.86000061
16/04/2018,72.87999725
17/04/2018,71.87999725
18/04/2018,73.91999817
19/04/2018,74.73999786
20/04/2018,74.19999695
23/04/2018,75.11000061
24/04/2018,75.45999908
25/04/2018,74.18000031
26/04/2018,74.94999695
27/04/2018,75.01000214
30/04/2018,75.36000061
01/05/2018,75.16999817
02/05/2018,73.62000275
03/05/2018,74.08000183
04/05/2018,75.05000305
07/05/2018,76.33000183
08/05/2018,76.18000031
09/05/2018,77.41000366
10/05/2018,77.97000122
11/05/2018,77.58999634
14/05/2018,78.51999664
15/05/2018,79.44999695
16/05/2018,79.33000183
17/05/2018,80.5
18/05/2018,79.86000061
21/05/2018,79.58999634
22/05/2018,80.48999786
23/05/2018,79.84999847
24/05/2018,79.83999634
25/05/2018,78.86000061
29/05/2018,76.18000031
30/05/2018,77.72000122
31/05/2018,78.72000122
01/06/2018,77.58999634
04/06/2018,76.93000031
05/06/2018,75.73000336
06/06/2018,76.26000214
07/06/2018,77.37000275
08/06/2018,77.58000183
11/06/2018,76.81999969
12/06/2018,77.06999969
13/06/2018,76.87000275
14/06/2018,76.91000366
15/06/2018,76.91000366
18/06/2018,75.54000092
19/06/2018,75.52999878
20/06/2018,75.84999847
21/06/2018,74.68000031
22/06/2018,75.80999756
25/06/2018,75.12999725
26/06/2018,76.69999695
27/06/2018,78.16999817
28/06/2018,78.40000153
29/06/2018,79.69999695
02/07/2018,79.41000366
03/07/2018,78.55999756
05/07/2018,78.48999786
06/07/2018,77.69999695
09/07/2018,78.30999756
10/07/2018,79.5
11/07/2018,78.88999939
12/07/2018,75.12999725
13/07/2018,75.91999817
16/07/2018,75.37000275
17/07/2018,72.77999878
18/07/2018,73.26999664
19/07/2018,73.80000305
20/07/2018,73.47000122
23/07/2018,74.48999786
24/07/2018,74.01000214
25/07/2018,74.30000305
26/07/2018,74.81999969
27/07/2018,74.84999847
30/07/2018,75.26999664
31/07/2018,75.09999847
01/08/2018,74.25
02/08/2018,73.73999786
03/08/2018,73.73000336
06/08/2018,74.45999908
07/08/2018,74.90000153
08/08/2018,74.86000061
09/08/2018,72.87999725
10/08/2018,73.13999939
13/08/2018,73.08999634
14/08/2018,73.93000031
15/08/2018,72.44000244
16/08/2018,71.51000214
17/08/2018,72.48000336
20/08/2018,72.73999786
21/08/2018,72.94999695
22/08/2018,74.98999786
23/08/2018,74.88999939
24/08/2018,76.40000153
27/08/2018,76.34999847
28/08/2018,76.95999908
29/08/2018,77.41999817
30/08/2018,78
31/08/2018,77.79000092
04/09/2018,79.70999908
05/09/2018,78.05999756
06/09/2018,77.75
07/09/2018,77.08000183
10/09/2018,77.91000366
11/09/2018,79.51999664
12/09/2018,80.11000061
13/09/2018,79.76999664
14/09/2018,78.93000031
17/09/2018,78.88999939
18/09/2018,79.72000122
19/09/2018,79.5
20/09/2018,79.81999969
21/09/2018,80.12000275
24/09/2018,81.48000336
25/09/2018,82.54000092
26/09/2018,82.19000244
27/09/2018,82.41999817
28/09/2018,82.84999847
01/10/2018,82.66999817
02/10/2018,85.37000275
03/10/2018,86.72000122
04/10/2018,86.41999817
05/10/2018,85.11000061
08/10/2018,84.30999756
09/10/2018,85.44000244
10/10/2018,85.16000366
11/10/2018,82.61000061
12/10/2018,81.47000122
15/10/2018,81.91000366
16/10/2018,81.73999786
17/10/2018,81.83999634
18/10/2018,80.33000183
19/10/2018,80.88999939
22/10/2018,80.38999939
23/10/2018,80.12000275
24/10/2018,77.55999756
25/10/2018,77.05000305
26/10/2018,77.91000366
29/10/2018,78.01000214
30/10/2018,77.31999969
31/10/2018,76.88999939
01/11/2018,75.5
02/11/2018,73.48000336
05/11/2018,74.12000275
06/11/2018,73.26999664
07/11/2018,73.52999878
08/11/2018,73.05999756
09/11/2018,70.98000336
12/11/2018,71.86000061
13/11/2018,69.66999817
14/11/2018,67.62000275
15/11/2018,67.40000153
16/11/2018,68.37999725
19/11/2018,67.62000275
20/11/2018,66.95999908
21/11/2018,64.45999908
23/11/2018,62.81000137
26/11/2018,61.09000015
27/11/2018,61.40000153
28/11/2018,61.25999832
29/11/2018,60.36999893
30/11/2018,59.88999939
03/12/2018,58.68999863
04/12/2018,63.56000137
06/12/2018,61.95999908
07/12/2018,63.70999908
10/12/2018,62.31000137
11/12/2018,61.09000015
12/12/2018,61.41999817
13/12/2018,62.02000046
14/12/2018,61.75
17/12/2018,61.18999863
18/12/2018,59.22000122
19/12/2018,58.09999847
20/12/2018,56.74000168
21/12/2018,55.29999924
24/12/2018,54.63999939
26/12/2018,55.27999878
27/12/2018,54.91999817
28/12/2018,53.50999832
31/12/2018,52.27999878
02/01/2019,56.56000137
03/01/2019,56.29000092
04/01/2019,58.29999924
07/01/2019,58.91999817
08/01/2019,58.86000061
09/01/2019,61.68000031
10/01/2019,61.90000153
11/01/2019,62.47000122
14/01/2019,61.02000046
15/01/2019,60.84999847
16/01/2019,61.43000031
17/01/2019,61.54000092
18/01/2019,62.99000168
22/01/2019,63.11999893
23/01/2019,62.29999924
24/01/2019,61.5
25/01/2019,61.90999985
28/01/2019,61.66999817
29/01/2019,61.79000092
30/01/2019,62.63999939
31/01/2019,62.31999969
01/02/2019,61.86999893
04/02/2019,63.63000107
05/02/2019,63.02000046
06/02/2019,62.79999924
07/02/2019,62.90000153
08/02/2019,62.34999847
11/02/2019,62.34000015
12/02/2019,63.31999969
13/02/2019,63.95999908
14/02/2019,64.80999756
15/02/2019,66.40000153
19/02/2019,66.83000183
20/02/2019,67.37000275
21/02/2019,67.31999969
22/02/2019,67.73000336
25/02/2019,67.47000122
26/02/2019,65.72000122
27/02/2019,66.69999695
28/02/2019,66.36000061
01/03/2019,66.01000214
04/03/2019,66.33999634
05/03/2019,66.22000122
06/03/2019,66.16999817
07/03/2019,66.98999786
08/03/2019,66.08000183
11/03/2019,66.77999878
12/03/2019,67.38999939
13/03/2019,67.75
14/03/2019,68.12999725
15/03/2019,67.70999908
18/03/2019,67.69000244
19/03/2019,68.22000122
20/03/2019,68.56999969
21/03/2019,68.69999695
22/03/2019,67.97000122
25/03/2019,67.63999939
26/03/2019,68.22000122
27/03/2019,68.34999847
28/03/2019,68
29/03/2019,68.87999725
01/04/2019,68.34999847
02/04/2019,69.51999664
03/04/2019,69.95999908
04/04/2019,70.01000214
05/04/2019,70.47000122
08/04/2019,71.19000244
09/04/2019,71.33999634
10/04/2019,71.79000092
11/04/2019,71.68000031
12/04/2019,71.86000061
15/04/2019,71.65000153
16/04/2019,71.94000244
17/04/2019,72.26000214
18/04/2019,72.02999878
22/04/2019,74.51000214
23/04/2019,74.73000336
24/04/2019,74.72000122
25/04/2019,75.58999634
26/04/2019,74.41000366
29/04/2019,72.5
30/04/2019,73.19999695
01/05/2019,72.79000092
02/05/2019,72.22000122
03/05/2019,71.54000092
06/05/2019,71.79000092
07/05/2019,71.30999756
08/05/2019,70.80000305
09/05/2019,70.63999939
10/05/2019,71.23000336
13/05/2019,72.56999969
14/05/2019,71.63999939
15/05/2019,72.25
16/05/2019,73.34999847
17/05/2019,73.23000336
20/05/2019,73.38999939
21/05/2019,72.51999664
22/05/2019,72.01999664
23/05/2019,70.73000336
24/05/2019,69.30000305
28/05/2019,70.58000183
29/05/2019,70.08999634
30/05/2019,69.94999695
31/05/2019,66.73000336
03/06/2019,64.44999695
04/06/2019,62.09999847
05/06/2019,62.25999832
06/06/2019,62.41999817
07/06/2019,63.58000183
10/06/2019,64.12999725
11/06/2019,62.86999893
12/06/2019,62.11000061
13/06/2019,62.63999939
14/06/2019,62.56999969
17/06/2019,62.34999847
18/06/2019,62.83000183
19/06/2019,62.52000046
20/06/2019,64.80999756
21/06/2019,65.75
24/06/2019,65.80000305
25/06/2019,65.95999908
26/06/2019,66.86000061
27/06/2019,66.79000092
28/06/2019,66.77999878
01/07/2019,66.5
02/07/2019,65.5
03/07/2019,64
05/07/2019,64.51999664
08/07/2019,65.12999725
09/07/2019,65.01999664
10/07/2019,67.12999725
11/07/2019,67.63999939
12/07/2019,67.26999664
15/07/2019,67.45999908
16/07/2019,67.08000183
17/07/2019,65.27999878
18/07/2019,64.45999908
19/07/2019,63.34000015
22/07/2019,64.01999664
23/07/2019,64.44999695
24/07/2019,64.66000366
25/07/2019,64.23000336
26/07/2019,63.95999908
29/07/2019,63.90999985
30/07/2019,65.04000092
31/07/2019,65.36000061
01/08/2019,65.19000244
02/08/2019,62.93000031
05/08/2019,61.54999924
06/08/2019,60.54000092
07/08/2019,59.18999863
08/08/2019,58.00999832
09/08/2019,59.09999847
12/08/2019,58.86999893
13/08/2019,61.5
14/08/2019,61.08000183
15/08/2019,59.41999817
16/08/2019,59.5
19/08/2019,59.91999817
20/08/2019,60.31999969
21/08/2019,61.40999985
22/08/2019,60.88999939
23/08/2019,60.27999878
26/08/2019,60.16999817
27/08/2019,60.13999939
28/08/2019,61.04999924
29/08/2019,61.18000031
30/08/2019,61.13999939
03/09/2019,59.25
04/09/2019,60.95999908
05/09/2019,62.38999939
06/09/2019,61.88000107
09/09/2019,62.99000168
10/09/2019,63.77000046
11/09/2019,63.25
12/09/2019,61.38999939
13/09/2019,60.79999924
16/09/2019,71
17/09/2019,69.25
18/09/2019,64.98999786
19/09/2019,65.56999969
20/09/2019,65.26999664
23/09/2019,65.31999969
24/09/2019,64.52999878
25/09/2019,62.81000137
26/09/2019,62.91999817
27/09/2019,62.72000122
30/09/2019,62.08000183
01/10/2019,60.75
02/10/2019,59.49000168
03/10/2019,57.99000168
04/10/2019,58.95000076
07/10/2019,59.66999817
08/10/2019,58.93000031
09/10/2019,59.34000015
10/10/2019,59.52999878
11/10/2019,60.68999863
14/10/2019,60.75
15/10/2019,59.68000031
16/10/2019,59.72999954
17/10/2019,60.02999878
18/10/2019,60.27000046
21/10/2019,59.54000092
22/10/2019,60.25999832
23/10/2019,61.29999924
24/10/2019,61.90999985
25/10/2019,62.11000061
28/10/2019,62.34000015
29/10/2019,61.97999954
30/10/2019,61.90999985
31/10/2019,61.02999878
01/11/2019,60.20999908
04/11/2019,62.77999878
05/11/2019,63.16999817
06/11/2019,63.31999969
07/11/2019,62.90000153
08/11/2019,62.68999863
11/11/2019,62.75
12/11/2019,62.84999847
13/11/2019,62.72999954
14/11/2019,63.20000076
15/11/2019,63.63999939
18/11/2019,63.58000183
19/11/2019,62.54999924
20/11/2019,62.79999924
21/11/2019,64.02999878
22/11/2019,64.30000305
25/11/2019,63.79000092
26/11/2019,64.30999756
27/11/2019,64.59999847
29/11/2019,64.04000092
02/12/2019,62.40000153
03/12/2019,61.59000015
04/12/2019,63.52999878
05/12/2019,63.90000153
06/12/2019,64.86000061
09/12/2019,64.5
10/12/2019,64.68000031
11/12/2019,64.25
12/12/2019,64.83999634
13/12/2019,65.77999878
16/12/2019,65.65000153
17/12/2019,66.23000336
18/12/2019,66.41999817
19/12/2019,66.77999878
20/12/2019,66.70999908
23/12/2019,66.59999847
24/12/2019,67.25
26/12/2019,67.94999695
27/12/2019,68.29000092
30/12/2019,68.91000366
31/12/2019,68.37999725
02/01/2020,66.56999969
03/01/2020,69.48000336
06/01/2020,70.72000122
07/01/2020,68.73999786
08/01/2020,71.98999786
09/01/2020,66.08999634
10/01/2020,65.66000366
13/01/2020,65.25
14/01/2020,65.04000092
15/01/2020,64.61000061
16/01/2020,64.95999908
17/01/2020,65.13999939
21/01/2020,66
22/01/2020,64.58999634
23/01/2020,62.77999878
24/01/2020,62.45999908
27/01/2020,60.49000168
28/01/2020,60.11000061
29/01/2020,60.61000061
30/01/2020,59.61000061
31/01/2020,59.52999878
03/02/2020,58.20000076
04/02/2020,55.63999939
05/02/2020,56.47000122
06/02/2020,56.56000137
07/02/2020,55.47000122
10/02/2020,54.70000076
11/02/2020,54.65999985
12/02/2020,56.29999924
13/02/2020,56.83000183
14/02/2020,57.52999878
18/02/2020,57.81999969
19/02/2020,59.40999985
20/02/2020,60.02000046
21/02/2020,59.27000046
24/02/2020,58.11999893
25/02/2020,56.97000122
26/02/2020,55.43999863
27/02/2020,53.43999863
28/02/2020,51.49000168
02/03/2020,50.47999954
03/03/2020,53.86999893
04/03/2020,53.02999878
05/03/2020,52.00999832
06/03/2020,50.43000031
09/03/2020,39.24000168
10/03/2020,38.20999908
11/03/2020,39.61999893
12/03/2020,36.52999878
13/03/2020,35.99000168
16/03/2020,34.54999924
17/03/2020,31.21999931
18/03/2020,29.19000053
19/03/2020,29.37999916
20/03/2020,30.93000031
23/03/2020,27.52000046
24/03/2020,28.63999939
25/03/2020,28.28000069
26/03/2020,27.67000008
27/03/2020,27
30/03/2020,24.25
31/03/2020,23.86000061
01/04/2020,22.76000023
02/04/2020,32.59999847
03/04/2020,35
06/04/2020,34.22999954
07/04/2020,34.18000031
08/04/2020,33.86999893
09/04/2020,36.43000031
13/04/2020,33.22999954
14/04/2020,32.38000107
15/04/2020,30.42000008
16/04/2020,29.01000023
17/04/2020,29
20/04/2020,28.23999977
21/04/2020,27.22999954
22/04/2020,22.45999908
23/04/2020,23.18000031
24/04/2020,22.67000008
27/04/2020,21.90999985
28/04/2020,21.27000046
29/04/2020,23.82999992
30/04/2020,25.80999947
01/05/2020,25.29000092
04/05/2020,28.07999992
05/05/2020,31.69000053
06/05/2020,32.49000168
07/05/2020,31.84000015
08/05/2020,31.12999916
11/05/2020,31.45000076
12/05/2020,30.68000031
13/05/2020,30.54000092
14/05/2020,31.48999977
15/05/2020,32.90000153
18/05/2020,35.72000122
19/05/2020,35.86000061
20/05/2020,36.40000153
21/05/2020,36.97999954
22/05/2020,36.22999954
26/05/2020,36.68000031
27/05/2020,36.18000031
28/05/2020,35.88999939
29/05/2020,35.36000061
01/06/2020,35.31999969
02/06/2020,39.79000092
03/06/2020,40.52999878
04/06/2020,40.09999847
05/06/2020,42.47999954
08/06/2020,43.43000031
09/06/2020,41.43000031
10/06/2020,41.99000168
11/06/2020,41.31000137
12/06/2020,39.43999863
15/06/2020,39.88000107
16/06/2020,41.65999985
17/06/2020,41.45000076
18/06/2020,41.63999939
19/06/2020,42.93000031
22/06/2020,43.16999817
23/06/2020,43.93000031
24/06/2020,42.88999939
25/06/2020,41.63999939
26/06/2020,41.77999878
29/06/2020,41.93999863
30/06/2020,41.61999893
01/07/2020,41.13000107
02/07/2020,43.22000122
06/07/2020,43.70999908
07/07/2020,43.45000076
08/07/2020,43.45999908
09/07/2020,43.5
10/07/2020,43.40999985
13/07/2020,43.33000183
14/07/2020,43.20000076
15/07/2020,43.84000015
16/07/2020,43.81000137
17/07/2020,43.45999908
20/07/2020,43.43000031
21/07/2020,44.88000107
22/07/2020,44.40000153
23/07/2020,44.77000046
24/07/2020,43.90000153
27/07/2020,43.77000046
28/07/2020,43.81999969
29/07/2020,43.93999863
30/07/2020,43.81999969
31/07/2020,43.52000046
03/08/2020,43.25999832
04/08/2020,44.81999969
05/08/2020,46.24000168
06/08/2020,45.70999908
07/08/2020,45.25
10/08/2020,45.25999832
11/08/2020,45.77999878
12/08/2020,45.61999893
13/08/2020,45.58000183
14/08/2020,45.41999817
17/08/2020,45.41999817
18/08/2020,45.54000092
19/08/2020,45.49000168
20/08/2020,45.27000046
21/08/2020,45.11999893
24/08/2020,45.16999817
25/08/2020,46.04000092
26/08/2020,46.09000015
27/08/2020,45.81999969
28/08/2020,45.29000092
31/08/2020,45.09999847
02/09/2020,46.04000092
03/09/2020,44.61000061
04/09/2020,44.54000092
08/09/2020,42.45000076
09/09/2020,41.20000076
10/09/2020,40.95000076
11/09/2020,40.34999847
14/09/2020,40.09000015
15/09/2020,40.81999969
16/09/2020,42.43999863
17/09/2020,43.50999832
18/09/2020,43.81000137
21/09/2020,43.27999878
22/09/2020,42.18999863
23/09/2020,42.63999939
24/09/2020,42.02000046
25/09/2020,42.33000183
28/09/2020,42.61999893
29/09/2020,42.52000046
30/09/2020,40.97000122
01/10/2020,40.95999908
02/10/2020,40.81999969
05/10/2020,41.77999878
06/10/2020,42.84000015
07/10/2020,42.41999817
08/10/2020,43.47000122
09/10/2020,43.56000137
12/10/2020,42.81000137
13/10/2020,42.66999817
14/10/2020,43.43000031
15/10/2020,43.59999847
16/10/2020,43.20000076
19/10/2020,43.22000122
20/10/2020,43.31000137
21/10/2020,43.04000092
22/10/2020,42.79000092
23/10/2020,42.79999924
26/10/2020,41.63000107
27/10/2020,41.47000122
28/10/2020,40.70999908
29/10/2020,39.5
30/10/2020,38.02000046
02/11/2020,37.45999908
03/11/2020,40.43999863
04/11/2020,41.34000015
05/11/2020,41.52000046
06/11/2020,40.77999878
09/11/2020,43.49000168
10/11/2020,44.06999969
11/11/2020,45.31000137
12/11/2020,44.47999954
13/11/2020,43.34000015
16/11/2020,44.68000031
17/11/2020,44.22999954
18/11/2020,44.88000107
19/11/2020,44.58000183
20/11/2020,45.18999863
23/11/2020,46.11999893
24/11/2020,48.02999878
25/11/2020,49.04999924
27/11/2020,49.06999969
30/11/2020,47.95000076
01/12/2020,47.61000061
02/12/2020,48.75
03/12/2020,48.93000031
04/12/2020,49.86000061
07/12/2020,49.43000031
08/12/2020,49
09/12/2020,49.54000092
10/12/2020,51.06999969
11/12/2020,50.74000168
14/12/2020,50.79999924
15/12/2020,50.88000107
16/12/2020,51.20000076
17/12/2020,51.88000107
18/12/2020,52.47000122
21/12/2020,52.34000015
22/12/2020,50.93000031
23/12/2020,51.59000015
24/12/2020,51.75999832
28/12/2020,52.02000046
29/12/2020,51.63000107
30/12/2020,51.52000046
04/01/2021,53.31999969
05/01/2021,53.88000107
06/01/2021,54.72000122
07/01/2021,54.90000153
08/01/2021,56.29999924
11/01/2021,56.27999878
12/01/2021,56.77999878
13/01/2021,57.41999817
14/01/2021,56.54000092
15/01/2021,56.63999939
19/01/2021,56.08000183
20/01/2021,56.61999893
21/01/2021,56.24000168
22/01/2021,56.16999817
25/01/2021,56.02000046
26/01/2021,56.34000015
27/01/2021,56.47999954
28/01/2021,56.59000015
29/01/2021,56.34999847
01/02/2021,55.88000107
02/02/2021,58.04999924
03/02/2021,58.93999863
04/02/2021,59.04999924
05/02/2021,59.79000092
08/02/2021,60.70000076
09/02/2021,61.27000046
10/02/2021,61.68000031
11/02/2021,61.5
12/02/2021,62.83000183
16/02/2021,63.81000137
17/02/2021,64.94999695
18/02/2021,65.48999786
19/02/2021,63.93000031
22/02/2021,65.83999634
23/02/2021,66.79000092
24/02/2021,67.29000092
25/02/2021,67.69999695
26/02/2021,66.87999725
01/03/2021,65.94999695
02/03/2021,64.12999725
03/03/2021,64.69999695
04/03/2021,67.73000336
05/03/2021,69.69000244
08/03/2021,71.36000061
09/03/2021,69.31999969
10/03/2021,68.43000031
11/03/2021,69.83000183
12/03/2021,69.90000153
15/03/2021,70.01999664
16/03/2021,68.95999908
17/03/2021,68.87999725
18/03/2021,68.15000153
19/03/2021,64.90000153
22/03/2021,65.06999969
23/03/2021,64.33999634
24/03/2021,64.55999756
25/03/2021,64.15000153
26/03/2021,64.87999725
29/03/2021,65.44999695
30/03/2021,65.65000153
31/03/2021,64.69000244
01/04/2021,63.59999847
05/04/2021,64.80999756
06/04/2021,64.26999664
07/04/2021,63.52000046
08/04/2021,63.41999817
09/04/2021,63.45999908
12/04/2021,64.30999756
13/04/2021,64.18000031
14/04/2021,66.90000153
15/04/2021,67.02999878
16/04/2021,67.37999725
19/04/2021,67.23000336
20/04/2021,68.08000183
21/04/2021,66.51999664
22/04/2021,65.83999634
23/04/2021,66.30999756
26/04/2021,66.25
27/04/2021,66.80000305
28/04/2021,67.86000061
29/04/2021,68.94999695
30/04/2021,68.31999969
03/05/2021,67.29000092
05/05/2021,69.95999908
06/05/2021,69.37000275
07/05/2021,68.61000061
10/05/2021,70.26000214
11/05/2021,68.75
12/05/2021,69.90000153
13/05/2021,69.01999664
14/05/2021,68.86000061
17/05/2021,69.62999725
18/05/2021,70.23999786
19/05/2021,68.59999847
20/05/2021,67.15000153
21/05/2021,66.94000244
24/05/2021,68.63999939
25/05/2021,68.88999939
26/05/2021,69.16000366
27/05/2021,69.51000214
28/05/2021,69.83000183
01/06/2021,69.62999725
02/06/2021,71.48999786
03/06/2021,71.98000336
04/06/2021,72.16999817
07/06/2021,72.26000214
08/06/2021,72.41000366
09/06/2021,72.87999725
10/06/2021,72.91999817
11/06/2021,73.08000183
14/06/2021,73.63999939
15/06/2021,74.33000183
16/06/2021,74.95999908
17/06/2021,74.48999786
18/06/2021,73.75
21/06/2021,74.94999695
22/06/2021,75.29000092
23/06/2021,76
24/06/2021,75.76999664
25/06/2021,76.20999908
28/06/2021,76.58999634
29/06/2021,75.51000214
30/06/2021,75.59999847
01/07/2021,76.75
02/07/2021,76.43000031
06/07/2021,77.83000183
07/07/2021,75.98999786
08/07/2021,74.38999939
09/07/2021,75.79000092
12/07/2021,75.83999634
13/07/2021,76.61000061
14/07/2021,76.70999908
15/07/2021,74.63999939
16/07/2021,74.06999969
19/07/2021,73.29000092
20/07/2021,69.73000336
21/07/2021,72.36000061
22/07/2021,73.90000153
23/07/2021,74.20999908
26/07/2021,74.83000183
27/07/2021,75.05000305
28/07/2021,75.30999756
29/07/2021,76.13999939
30/07/2021,76.38999939
02/08/2021,75.33000183
03/08/2021,73.52999878
04/08/2021,72.81999969
05/08/2021,71.5
06/08/2021,72.43000031
09/08/2021,70.05999756
10/08/2021,71.23000336
11/08/2021,71.62999725
12/08/2021,71.88999939
13/08/2021,71.38999939
16/08/2021,70.40000153
17/08/2021,70.01000214
18/08/2021,70.04000092
19/08/2021,67.65000153
20/08/2021,66.91999817
23/08/2021,68.91000366
24/08/2021,71.30000305
25/08/2021,72.41000366
26/08/2021,72.12999725
27/08/2021,72.73999786
30/08/2021,73.69999695
31/08/2021,73.48999786
01/09/2021,72.37000275
02/09/2021,73.45999908
03/09/2021,73.69999695
07/09/2021,72.76999664
08/09/2021,72.94999695
09/09/2021,73.19000244
10/09/2021,73.13999939
13/09/2021,73.93000031
14/09/2021,74.26999664
15/09/2021,76.12999725
16/09/2021,75.86000061
17/09/2021,75.77999878
20/09/2021,75.38999939
21/09/2021,75.16999817
22/09/2021,76.26000214
23/09/2021,77.33999634
24/09/2021,78.25
27/09/2021,79.87999725
28/09/2021,80.73999786
29/09/2021,79.41000366
30/09/2021,79.16000366
01/10/2021,79.41000366
04/10/2021,82
05/10/2021,83.11000061
06/10/2021,83.44000244
07/10/2021,82.5
08/10/2021,83.43000031
11/10/2021,84.59999847
12/10/2021,84.23000336
13/10/2021,83.69000244
14/10/2021,84.52999878
15/10/2021,85.09999847
18/10/2021,86.02999878
19/10/2021,85.40000153
20/10/2021,85.88999939
21/10/2021,86.12000275
22/10/2021,85.94000244
25/10/2021,86.72000122
26/10/2021,86.52999878
27/10/2021,86.26999664
28/10/2021,84.56999969
29/10/2021,84.55999756
01/11/2021,85.11000061
02/11/2021,85.22000122
03/11/2021,84.18000031
04/11/2021,84.5
05/11/2021,83.15000153
08/11/2021,83.98999786
09/11/2021,85.13999939
10/11/2021,85.5
11/11/2021,83.43000031
12/11/2021,82.87000275
15/11/2021,82.48999786
16/11/2021,83.13999939
17/11/2021,82.36000061
18/11/2021,81.41999817
19/11/2021,82.23000336
22/11/2021,80.08999634
23/11/2021,82.58999634
24/11/2021,83
26/11/2021,82.55999756
29/11/2021,77
30/11/2021,74.56999969
01/12/2021,72.86000061
02/12/2021,70.70999908
03/12/2021,72.59999847
06/12/2021,73.77999878
07/12/2021,76.26000214
08/12/2021,76.37000275
09/12/2021,76.69999695
10/12/2021,75.69999695
13/12/2021,76.38999939
14/12/2021,75.15000153
15/12/2021,74.56999969
16/12/2021,75.58999634
17/12/2021,74.95999908
20/12/2021,73.06999969
21/12/2021,74.26000214
22/12/2021,75.69000244
23/12/2021,76.98000336
27/12/2021,79.05999756
28/12/2021,79.84999847
29/12/2021,80.16000366
30/12/2021,79.62000275
31/12/2021,79.19999695
03/01/2022,79.27999878
04/01/2022,80.55000305
05/01/2022,81.48999786
06/01/2022,82.83999634
07/01/2022,82.98999786
10/01/2022,82.26999664
11/01/2022,83.97000122
12/01/2022,85.19999695
13/01/2022,85.08999634
14/01/2022,86.5
18/01/2022,88.55000305
19/01/2022,89.16999817
20/01/2022,89.51000214
21/01/2022,88.22000122
24/01/2022,88.87999725
25/01/2022,88.36000061
26/01/2022,90.48000336
27/01/2022,91.04000092
28/01/2022,91.69000244
31/01/2022,91.30000305
01/02/2022,91.29000092
02/02/2022,90.51000214
03/02/2022,91.29000092
04/02/2022,93.69999695
07/02/2022,93.98999786
08/02/2022,93.01000214
09/02/2022,92.05999756
10/02/2022,93.08999634
11/02/2022,95.63999939
14/02/2022,96.77999878
15/02/2022,96.23999786
16/02/2022,96.06999969
17/02/2022,94.51000214
18/02/2022,94.15000153
22/02/2022,99.44000244
23/02/2022,98.69999695
24/02/2022,105.75
25/02/2022,101.9899979
28/02/2022,104.4800034
01/03/2022,100.8499985
02/03/2022,115.0500031
03/03/2022,119.7699966
04/03/2022,118.9700012
07/03/2022,137
08/03/2022,133.1300049
09/03/2022,131.6300049
10/03/2022,118.3300018
11/03/2022,113.8799973
14/03/2022,113.0400009
15/03/2022,106.4599991
16/03/2022,103.6800003
17/03/2022,107.5699997
18/03/2022,109.5699997
21/03/2022,116.7300034
22/03/2022,119.4199982
23/03/2022,122.2900009
24/03/2022,123.6999969
25/03/2022,120.8700027
28/03/2022,120.3099976
29/03/2022,114.7099991
30/03/2022,114.6500015
31/03/2022,109.3600006
01/04/2022,107.6699982
04/04/2022,108.5500031
05/04/2022,109.8499985
06/04/2022,108.6600037
07/04/2022,103.5
08/04/2022,103.25
11/04/2022,103.0899963
12/04/2022,105.5999985
13/04/2022,109
14/04/2022,112.3899994
18/04/2022,114.8199997
19/04/2022,114.0500031
20/04/2022,108.9800034
21/04/2022,109.7900009
22/04/2022,108.7300034
25/04/2022,105.9499969
26/04/2022,106.1500015
27/04/2022,106.3499985
28/04/2022,107.9300003
29/04/2022,109.7699966
02/05/2022,109.3600006
03/05/2022,108.3000031
04/05/2022,111
05/05/2022,113.9899979
06/05/2022,113.5199966
09/05/2022,113.2200012
10/05/2022,106.9100037
11/05/2022,108.2600021
12/05/2022,108.6900024
13/05/2022,111.6900024
16/05/2022,114.7799988
17/05/2022,115.6600037
18/05/2022,114.1299973
19/05/2022,112.2699966
20/05/2022,113.2200012
23/05/2022,114.3600006
24/05/2022,114.6299973
25/05/2022,115.3199997
26/05/2022,118
27/05/2022,119.7300034
31/05/2022,124.1299973
01/06/2022,118.5800018
02/06/2022,118.4400024
03/06/2022,121.4400024
06/06/2022,121.8899994
07/06/2022,121.3799973
08/06/2022,124.4100037
09/06/2022,124.3300018
10/06/2022,124.3300018
13/06/2022,123.6100006
14/06/2022,125.1800003
15/06/2022,121.8499985
16/06/2022,120.2799988
17/06/2022,121.25
21/06/2022,116.25
22/06/2022,114.5699997
23/06/2022,112.6900024
24/06/2022,113.9899979
27/06/2022,116.0400009
28/06/2022,118.2399979
29/06/2022,120.3799973
30/06/2022,116.3300018
01/07/2022,112.4199982
05/07/2022,114.6900024
06/07/2022,105.8000031
07/07/2022,106.3499985
08/07/2022,107.4499969
11/07/2022,107.6600037
12/07/2022,106.5100021
13/07/2022,101.1999969
14/07/2022,100.3700027
15/07/2022,102.6200027
18/07/2022,106.4700012
19/07/2022,107.5999985
20/07/2022,107.4300003
21/07/2022,106.8000031
22/07/2022,105.6800003
25/07/2022,105.3499985
26/07/2022,107.3499985
27/07/2022,107.8000031
28/07/2022,108.9800034
29/07/2022,110.4300003
01/08/2022,104.3700027
02/08/2022,102.4100037
03/08/2022,102.3700027
04/08/2022,97.62999725
05/08/2022,96.40000153
08/08/2022,96.73000336
09/08/2022,98.38999939
10/08/2022,97.98000336
11/08/2022,100.1600037
12/08/2022,100.3499985
15/08/2022,98.04000092
16/08/2022,95.94999695
17/08/2022,94.45999908
18/08/2022,97.41000366
19/08/2022,97.87000275
22/08/2022,97.25
23/08/2022,100.4499969
24/08/2022,102
25/08/2022,102.4700012
26/08/2022,101.1699982
29/08/2022,105.4800034
30/08/2022,105.3700027
31/08/2022,100.3000031
01/09/2022,95.66000366
02/09/2022,95.31999969
06/09/2022,96.98999786
07/09/2022,93.79000092
08/09/2022,89.83000183
09/09/2022,93.09999847
12/09/2022,95.16999817
13/09/2022,95.51000214
14/09/2022,95.80999756
15/09/2022,94.65000153
16/09/2022,92.63999939
19/09/2022,92.58000183
20/09/2022,93.01999664
21/09/2022,93.51000214
22/09/2022,92.80000305
23/09/2022,90.70999908
26/09/2022,87.66000366
27/09/2022,87.12999725
28/09/2022,89.48999786
29/09/2022,90.09999847
30/09/2022,89.51999664
03/10/2022,89.83000183
04/10/2022,92.38999939
05/10/2022,93.97000122
06/10/2022,95.01000214
07/10/2022,98.58999634
10/10/2022,98.76000214
11/10/2022,96.44999695
12/10/2022,95.16999817
13/10/2022,94.90000153
14/10/2022,95.11000061
17/10/2022,93.23000336
18/10/2022,92.65000153
19/10/2022,92.83999634
20/10/2022,94.76999664
21/10/2022,93.80000305
24/10/2022,94.44000244
25/10/2022,94.37000275
26/10/2022,96.19000244
27/10/2022,97.27999878
28/10/2022,96.88999939
31/10/2022,96
01/11/2022,95.55000305
02/11/2022,96.47000122
03/11/2022,95.94000244
04/11/2022,98.81999969
07/11/2022,99.55999756
08/11/2022,98.26999664
09/11/2022,95.69000244
10/11/2022,94.30999756
11/11/2022,96.91999817
14/11/2022,96.91999817
15/11/2022,95.75
16/11/2022,94.77999878
17/11/2022,92.87999725
18/11/2022,90.61000061
21/11/2022,88.04000092
22/11/2022,89.87999725
23/11/2022,89.54000092
25/11/2022,86.90000153
28/11/2022,84.05000305
29/11/2022,86
30/11/2022,85.81999969
01/12/2022,89.41000366
02/12/2022,87.88999939
05/12/2022,88.43000031
06/12/2022,83.66999817
07/12/2022,80.48000336
08/12/2022,79.18000031
09/12/2022,77.47000122
12/12/2022,78.58000183
13/12/2022,81.27999878
14/12/2022,83.13999939
15/12/2022,83.19000244
16/12/2022,81.76000214
19/12/2022,80.88999939
20/12/2022,80.90000153
21/12/2022,82.54000092
22/12/2022,83.86000061
23/12/2022,84.37000275
27/12/2022,85.66999817
28/12/2022,84.63999939
29/12/2022,82.91000366
30/12/2022,86.27999878
03/01/2023,87.01999664
04/01/2023,82.66999817
05/01/2023,79.95999908
06/01/2023,80.56999969
09/01/2023,81.37000275
10/01/2023,80.87999725
11/01/2023,82.97000122
12/01/2023,84.61000061
13/01/2023,85.48999786
17/01/2023,86.81999969
18/01/2023,87.83999634
19/01/2023,86.84999847
20/01/2023,87.76999664
23/01/2023,89.09999847
24/01/2023,88.70999908
25/01/2023,87.01000214
26/01/2023,88.01000214
27/01/2023,88.91000366
30/01/2023,87.37000275
31/01/2023,85.16000366
01/02/2023,86.19999695
02/02/2023,83.59999847
03/02/2023,84.19000244
06/02/2023,81.40000153
07/02/2023,84.09999847
08/02/2023,85.16000366
09/02/2023,85.5
10/02/2023,86.91000366
13/02/2023,86.94999695
14/02/2023,86.40000153
15/02/2023,85.84999847
16/02/2023,86.19999695
17/02/2023,84.84999847
21/02/2023,84.29000092
22/02/2023,83.23000336
23/02/2023,82.75
24/02/2023,83.37999725
27/02/2023,83.62999725
28/02/2023,84.12000275
01/03/2023,84.48999786
02/03/2023,85.08999634
03/03/2023,86
06/03/2023,86.36000061
07/03/2023,86.76000214
08/03/2023,83.58999634
09/03/2023,84.01000214
10/03/2023,83.08000183
13/03/2023,83.47000122
14/03/2023,80.87999725
15/03/2023,78.70999908
16/03/2023,75.51999664
17/03/2023,75.90000153
20/03/2023,73.84999847
21/03/2023,75.40000153
22/03/2023,77.08999634
23/03/2023,77.43000031
24/03/2023,76.27999878
27/03/2023,78.43000031
28/03/2023,79.20999908
29/03/2023,79.69999695
30/03/2023,79.55000305
31/03/2023,79.76999664
03/04/2023,86.23999786
04/04/2023,86.05000305
05/04/2023,85.55000305
06/04/2023,85.44000244
10/04/2023,85.63999939
11/04/2023,85.68000031
12/04/2023,87.48999786
13/04/2023,87.47000122
14/04/2023,86.86000061
17/04/2023,86.51000214
18/04/2023,85.40000153
19/04/2023,85.15000153
20/04/2023,83.04000092
21/04/2023,82.04000092
24/04/2023,82.98999786
25/04/2023,83.05000305
26/04/2023,81.47000122
27/04/2023,78.62999725
28/04/2023,79.59999847
01/05/2023,80.19000244
02/05/2023,79.77999878
03/05/2023,75.55000305
04/05/2023,73.73000336
05/05/2023,75.73000336
08/05/2023,77.41999817
09/05/2023,77.48999786
10/05/2023,77.59999847
11/05/2023,77.40000153
12/05/2023,75.83999634
15/05/2023,75.75
16/05/2023,75.94999695
17/05/2023,77.30999756
18/05/2023,76.98000336
19/05/2023,77.5
22/05/2023,76.45999908
23/05/2023,77.73999786
24/05/2023,78.66000366
25/05/2023,78.5
26/05/2023,77.34999847
30/05/2023,77.73999786
31/05/2023,73.76999664
01/06/2023,75.25
02/06/2023,76.48999786
05/06/2023,78.72000122
06/06/2023,76.76000214
07/06/2023,77.62000275
08/06/2023,77.66000366
09/06/2023,76.55000305
12/06/2023,74.87999725
13/06/2023,74.65000153
14/06/2023,75.48000336
15/06/2023,75.95999908
16/06/2023,76.73999786
20/06/2023,77.15000153
21/06/2023,77.23999786
22/06/2023,77.19000244
23/06/2023,74.37000275
26/06/2023,74.83000183
27/06/2023,74.88999939
28/06/2023,74.20999908
29/06/2023,74.97000122
30/06/2023,75.12999725
03/07/2023,76.58000183
05/07/2023,76.94000244
06/07/2023,77.08000183
07/07/2023,78.52999878
10/07/2023,78.77999878
11/07/2023,79.5
12/07/2023,80.56999969
13/07/2023,81.75
14/07/2023,81.69000244
17/07/2023,80.62000275
18/07/2023,80.01000214
19/07/2023,80.94999695
20/07/2023,80.26999664
21/07/2023,81.23999786
24/07/2023,83.16000366
25/07/2023,83.87999725
26/07/2023,83.86000061
27/07/2023,84.51000214
28/07/2023,85.09999847
31/07/2023,85.66000366
01/08/2023,85.79000092
02/08/2023,85.98000336
03/08/2023,85.41999817
04/08/2023,86.65000153
07/08/2023,86.70999908
08/08/2023,86.34999847
09/08/2023,87.66000366
10/08/2023,88.09999847
11/08/2023,87.34999847
14/08/2023,86.69999695
15/08/2023,86.66999817
16/08/2023,85.36000061
17/08/2023,84.88999939
18/08/2023,85.06999969
21/08/2023,85.87000275
22/08/2023,84.65000153
23/08/2023,84.23999786
24/08/2023,83.61000061
25/08/2023,84.97000122
28/08/2023,85.22000122
29/08/2023,85.65000153
30/08/2023,86.20999908
31/08/2023,86.90000153
01/09/2023,88.95999908
05/09/2023,91.18000031
06/09/2023,91.11000061
07/09/2023,90.86000061
08/09/2023,91.01999664
11/09/2023,91.44999695
12/09/2023,92.41999817
13/09/2023,92.83000183
14/09/2023,94.20999908
15/09/2023,94.61000061
18/09/2023,94.94999695
19/09/2023,95.94999695
20/09/2023,94.73000336
21/09/2023,94.59999847
22/09/2023,94.62999725
25/09/2023,94.25
26/09/2023,94.20999908
27/09/2023,97.04000092
28/09/2023,97.62999725
29/09/2023,96.23999786
02/10/2023,93.31999969
03/10/2023,91.55999756
04/10/2023,91.19000244
05/10/2023,86.51000214
06/10/2023,84.95999908
09/10/2023,89
10/10/2023,88.47000122
11/10/2023,88.25
12/10/2023,87.63999939
13/10/2023,90.98999786
16/10/2023,91.38999939
17/10/2023,90.91999817
18/10/2023,92.97000122
19/10/2023,93.47000122
20/10/2023,93.79000092
23/10/2023,92.43000031
24/10/2023,90.66999817
25/10/2023,90.33999634
26/10/2023,90.36000061
27/10/2023,90.73999786
30/10/2023,90.30000305
31/10/2023,88.52999878
01/11/2023,87.22000122
02/11/2023,87.02999878
03/11/2023,87.77999878
06/11/2023,86.44999695
07/11/2023,85.31999969
08/11/2023,81.93000031
09/11/2023,81.48000336
10/11/2023,82.05000305
13/11/2023,82.81999969
14/11/2023,83.97000122
15/11/2023,83.01000214
16/11/2023,81.16000366
17/11/2023,80.80000305
20/11/2023,82.93000031
21/11/2023,82.52999878
22/11/2023,82.62999725
23/11/2023,81.62999725
24/11/2023,82.19999695
27/11/2023,81.18000031
28/11/2023,82.18000031
29/11/2023,83.23999786
30/11/2023,84.70999908
01/12/2023,81.51999664
04/12/2023,79.66000366
05/12/2023,79.06999969
06/12/2023,77.62999725
07/12/2023,75.48000336
08/12/2023,76.36000061
11/12/2023,76.48000336
12/12/2023,76.63999939
13/12/2023,74.69999695
14/12/2023,77.34999847
15/12/2023,77.22000122
18/12/2023,79.51000214
19/12/2023,79.66000366
20/12/2023,80.61000061
21/12/2023,80.12000275
22/12/2023,80.37000275
26/12/2023,81.70999908
27/12/2023,81.31999969
28/12/2023,79.95999908
29/12/2023,77.97000122
02/01/2024,79.04000092
03/01/2024,78.66999817
04/01/2024,79.40000153
05/01/2024,79.25
08/01/2024,78.94999695
09/01/2024,78.18000031
10/01/2024,78.73000336
11/01/2024,79.08999634
12/01/2024,80.73999786
16/01/2024,79.38999939
17/01/2024,78.18000031
18/01/2024,79.30000305
19/01/2024,79.75
22/01/2024,80.55000305
23/01/2024,80.44000244
24/01/2024,80.73999786
25/01/2024,82.55999756
26/01/2024,83.83000183
29/01/2024,84.79000092
30/01/2024,83.25
31/01/2024,82.80000305
01/02/2024,81.55000305
02/02/2024,79.44000244
05/02/2024,78.33000183
06/02/2024,79.06999969
07/02/2024,79.47000122
08/02/2024,81.88999939
09/02/2024,82.45999908
12/02/2024,82.20999908
13/02/2024,83.23000336
14/02/2024,83.61000061
15/02/2024,83.25
16/02/2024,83.66000366
19/02/2024,83.61000061
20/02/2024,83.62999725
21/02/2024,83.16999817
22/02/2024,83.97000122
23/02/2024,83.48000336
26/02/2024,83.05999756
27/02/2024,83.73999786
28/02/2024,84.30000305
29/02/2024,83.73999786
01/03/2024,84.34999847
04/03/2024,84.06999969
05/03/2024,83.13999939
06/03/2024,84.05999756
07/03/2024,83.47000122
08/03/2024,83.83999634
11/03/2024,82.73000336
12/03/2024,83.01000214
13/03/2024,84.22000122
14/03/2024,85.68000031
15/03/2024,85.55000305
