date,1_mo_bond
30/12/2022,3.033
29/12/2022,3.058
28/12/2022,3.04
27/12/2022,2.995
26/12/2022,2.995
23/12/2022,3.002
22/12/2022,3.014
21/12/2022,3.194
20/12/2022,3.429
19/12/2022,3.117
16/12/2022,3.124
15/12/2022,3.029
14/12/2022,3.025
13/12/2022,3.13
12/12/2022,2.992
09/12/2022,3.043
08/12/2022,3.053
07/12/2022,3.089
06/12/2022,3.005
05/12/2022,3.037
02/12/2022,3.039
01/12/2022,3.062
30/11/2022,3.044
29/11/2022,2.952
28/11/2022,2.681
25/11/2022,2.636
24/11/2022,2.642
23/11/2022,2.658
22/11/2022,2.709
21/11/2022,2.75
18/11/2022,2.742
17/11/2022,2.721
16/11/2022,2.729
15/11/2022,2.831
14/11/2022,2.663
11/11/2022,2.636
10/11/2022,2.647
09/11/2022,2.616
08/11/2022,2.573
07/11/2022,2.628
04/11/2022,2.681
03/11/2022,2.354
02/11/2022,2.447
01/11/2022,2.533
31/10/2022,2.454
28/10/2022,2.453
27/10/2022,2.472
26/10/2022,2.32
25/10/2022,2.343
24/10/2022,2.263
21/10/2022,2.3
20/10/2022,2.252
19/10/2022,2.292
18/10/2022,2.329
17/10/2022,2.106
14/10/2022,2.208
13/10/2022,2.193
12/10/2022,2.25
11/10/2022,2.234
10/10/2022,2.158
07/10/2022,2.117
06/10/2022,1.871
05/10/2022,2.081
04/10/2022,2.139
03/10/2022,1.984
30/09/2022,1.98
29/09/2022,2.179
28/09/2022,2.081
27/09/2022,2.112
26/09/2022,2.576
23/09/2022,2.056
22/09/2022,2.062
21/09/2022,1.982
20/09/2022,2.065
19/09/2022,2.02
16/09/2022,2.056
15/09/2022,1.944
14/09/2022,1.954
13/09/2022,1.977
12/09/2022,1.914
09/09/2022,1.919
08/09/2022,1.886
07/09/2022,1.87
06/09/2022,1.909
05/09/2022,1.775
02/09/2022,1.781
01/09/2022,1.754
31/08/2022,1.743
30/08/2022,1.692
29/08/2022,1.671
26/08/2022,1.705
25/08/2022,1.696
24/08/2022,1.701
23/08/2022,1.692
22/08/2022,1.583
19/08/2022,1.599
18/08/2022,1.405
17/08/2022,1.447
16/08/2022,1.448
15/08/2022,1.444
12/08/2022,1.416
11/08/2022,1.476
10/08/2022,1.476
09/08/2022,1.421
08/08/2022,1.379
05/08/2022,1.403
04/08/2022,1.222
03/08/2022,1.231
02/08/2022,1.213
01/08/2022,1.183
29/07/2022,1.202
28/07/2022,1.154
27/07/2022,1.166
26/07/2022,1.218
25/07/2022,1.183
22/07/2022,1.157
21/07/2022,1.11
20/07/2022,1.096
19/07/2022,1.177
18/07/2022,0.991
15/07/2022,0.959
14/07/2022,0.979
13/07/2022,0.969
12/07/2022,1.015
11/07/2022,1.043
08/07/2022,1.035
07/07/2022,1.008
06/07/2022,0.997
05/07/2022,1.028
04/07/2022,1.009
01/07/2022,0.883
30/06/2022,0.964
29/06/2022,0.983
28/06/2022,1.015
27/06/2022,0.825
24/06/2022,1.02
23/06/2022,1.023
22/06/2022,0.981
21/06/2022,1.015
20/06/2022,0.956
17/06/2022,0.894
16/06/2022,0.95
15/06/2022,0.927
14/06/2022,0.933
13/06/2022,0.939
10/06/2022,0.928
09/06/2022,0.906
08/06/2022,0.913
07/06/2022,0.947
06/06/2022,0.956
03/06/2022,0.908
02/06/2022,0.908
01/06/2022,0.955
31/05/2022,1.028
30/05/2022,1.02
27/05/2022,1.004
26/05/2022,0.993
25/05/2022,0.997
24/05/2022,1.001
23/05/2022,0.956
20/05/2022,0.943
19/05/2022,0.95
18/05/2022,0.955
17/05/2022,0.947
16/05/2022,0.887
13/05/2022,0.832
12/05/2022,0.844
11/05/2022,0.885
10/05/2022,0.895
09/05/2022,0.991
06/05/2022,1.035
05/05/2022,1.023
04/05/2022,0.744
03/05/2022,0.712
02/05/2022,0.767
29/04/2022,0.776
28/04/2022,0.774
27/04/2022,0.772
26/04/2022,0.771
25/04/2022,0.661
22/04/2022,0.456
21/04/2022,0.409
20/04/2022,0.379
19/04/2022,0.419
18/04/2022,0.305
15/04/2022,0.301
14/04/2022,0.35
13/04/2022,0.379
12/04/2022,0.392
11/04/2022,0.431
08/04/2022,0.365
07/04/2022,0.365
06/04/2022,0.487
05/04/2022,0.495
04/04/2022,0.487
01/04/2022,0.456
31/03/2022,0.482
30/03/2022,0.52
29/03/2022,0.473
28/03/2022,0.415
25/03/2022,0.394
24/03/2022,0.421
23/03/2022,0.5
22/03/2022,0.456
21/03/2022,0.469
18/03/2022,0.411
17/03/2022,0.511
16/03/2022,0.52
15/03/2022,0.46
14/03/2022,0.382
11/03/2022,0.396
10/03/2022,0.526
09/03/2022,0.52
08/03/2022,0.554
07/03/2022,0.487
04/03/2022,0.502
03/03/2022,0.482
02/03/2022,0.43
01/03/2022,0.473
28/02/2022,0.469
25/02/2022,0.487
24/02/2022,0.482
23/02/2022,0.477
22/02/2022,0.46
21/02/2022,0.469
18/02/2022,0.441
17/02/2022,0.424
16/02/2022,0.449
15/02/2022,0.46
14/02/2022,0.452
11/02/2022,0.441
10/02/2022,0.409
09/02/2022,0.435
08/02/2022,0.402
07/02/2022,0.226
04/02/2022,0.396
03/02/2022,0.365
02/02/2022,0.281
01/02/2022,0.243
31/01/2022,0.278
28/01/2022,0.228
27/01/2022,0.248
26/01/2022,0.169
25/01/2022,0.176
24/01/2022,0.191
21/01/2022,0.152
20/01/2022,0.161
19/01/2022,0.183
18/01/2022,0.149
17/01/2022,0.183
14/01/2022,0.167
13/01/2022,0.161
12/01/2022,0.169
11/01/2022,0.122
10/01/2022,0.156
07/01/2022,0.129
06/01/2022,0.142
05/01/2022,0.173
04/01/2022,0.274
03/01/2022,0.183
31/12/2021,0.183
30/12/2021,0.175
29/12/2021,0.192
28/12/2021,0.125
27/12/2021,0.125
24/12/2021,0.183
23/12/2021,0.124
22/12/2021,0.183
21/12/2021,0.176
20/12/2021,0.313
17/12/2021,0.304
16/12/2021,0.19
15/12/2021,0.126
14/12/2021,0.095
13/12/2021,0.1
10/12/2021,0.102
09/12/2021,0.098
08/12/2021,0.135
07/12/2021,0.13
06/12/2021,0.032
03/12/2021,0.084
02/12/2021,0.068
01/12/2021,0.091
30/11/2021,0.091
29/11/2021,0.069
26/11/2021,0.03
25/11/2021,0.044
24/11/2021,0.056
23/11/2021,0.054
18/11/2021,-0.036
17/11/2021,0.014
16/11/2021,0.068
15/11/2021,0.017
12/11/2021,0.015
11/11/2021,0.015
10/11/2021,0.014
09/11/2021,-0.034
08/11/2021,-0.122
05/11/2021,-0.076
04/11/2021,0.044
03/11/2021,0.07
02/11/2021,0.095
01/11/2021,0.078
29/10/2021,0.061
28/10/2021,0.088
27/10/2021,0.07
26/10/2021,0.081
25/10/2021,0.069
22/10/2021,0.046
21/10/2021,0.088
20/10/2021,0.098
19/10/2021,0.068
18/10/2021,0.069
15/10/2021,0.046
14/10/2021,0.044
13/10/2021,0.042
12/10/2021,0.041
11/10/2021,0.052
08/10/2021,0.046
07/10/2021,0.029
06/10/2021,0.028
05/10/2021,0.041
04/10/2021,0.039
01/10/2021,0.047
30/09/2021,0.034
29/09/2021,0.033
28/09/2021,0.041
27/09/2021,0.035
24/09/2021,0.015
23/09/2021,0.015
22/09/2021,0.014
21/09/2021,0.027
20/09/2021,0.017
17/09/2021,0.061
16/09/2021,0.073
15/09/2021,0.07
14/09/2021,0.041
13/09/2021,0.052
10/09/2021,0.03
09/09/2021,0.044
08/09/2021,0.056
07/09/2021,0.054
06/09/2021,0.087
03/09/2021,0.046
02/09/2021,0.058
01/09/2021,0.042
31/08/2021,0.054
30/08/2021,-0.021
27/08/2021,0.015
26/08/2021,0.015
25/08/2021,0.007
24/08/2021,0.054
23/08/2021,0.052
20/08/2021,0.015
19/08/2021,0.058
18/08/2021,0.056
17/08/2021,0.054
16/08/2021,0.035
13/08/2021,0.03
12/08/2021,0.029
11/08/2021,0.028
10/08/2021,0.027
09/08/2021,0.05
06/08/2021,0.044
05/08/2021,-0.035
04/08/2021,0.014
03/08/2021,0.039
02/08/2021,0.035
30/07/2021,0.046
29/07/2021,0.044
28/07/2021,0.042
27/07/2021,0.041
26/07/2021,0.017
23/07/2021,0.046
22/07/2021,0.058
21/07/2021,0.07
20/07/2021,0.068
19/07/2021,0.052
16/07/2021,0.061
15/07/2021,0.044
14/07/2021,0.042
13/07/2021,0.041
12/07/2021,0.069
09/07/2021,0.061
08/07/2021,0.058
07/07/2021,0.07
06/07/2021,0.068
05/07/2021,0.052
02/07/2021,0.061
01/07/2021,0.073
30/06/2021,0.07
29/06/2021,0.068
28/06/2021,0.035
25/06/2021,0.046
24/06/2021,0.044
23/06/2021,0.042
22/06/2021,0.068
21/06/2021,0.087
18/06/2021,0.076
17/06/2021,0.073
16/06/2021,0.098
15/06/2021,0.054
14/06/2021,0.052
11/06/2021,0.03
10/06/2021,0.088
09/06/2021,0.084
08/06/2021,0.081
07/06/2021,0.104
04/06/2021,0.061
03/06/2021,0.058
02/06/2021,0.056
01/06/2021,0.073
31/05/2021,0.009
28/05/2021,0.046
27/05/2021,0.058
26/05/2021,0.07
25/05/2021,0.054
24/05/2021,0.052
21/05/2021,0.061
20/05/2021,0.073
19/05/2021,0.07
18/05/2021,0.081
17/05/2021,0.017
14/05/2021,0.015
13/05/2021,0.015
12/05/2021,0.028
11/05/2021,0.027
10/05/2021,0.05
07/05/2021,0.041
06/05/2021,0.01
05/05/2021,0.016
04/05/2021,0.073
03/05/2021,0.009
30/04/2021,0.061
29/04/2021,0.058
28/04/2021,0.07
27/04/2021,0.068
26/04/2021,0.069
23/04/2021,0.061
22/04/2021,0.073
21/04/2021,0.07
20/04/2021,0.068
19/04/2021,0.052
16/04/2021,0.046
15/04/2021,0.044
14/04/2021,0.056
13/04/2021,0.054
12/04/2021,0.066
09/04/2021,0.073
08/04/2021,0.084
07/04/2021,0.054
06/04/2021,0.018
05/04/2021,-0.027
02/04/2021,-0.027
01/04/2021,0.029
31/03/2021,0.042
30/03/2021,0.041
29/03/2021,0.069
26/03/2021,0.046
25/03/2021,0.044
24/03/2021,0.07
23/03/2021,0.068
22/03/2021,0.069
19/03/2021,0.03
18/03/2021,0.058
17/03/2021,0.056
16/03/2021,0.069
15/03/2021,0.033
12/03/2021,0.058
11/03/2021,0.07
10/03/2021,0.068
09/03/2021,0.065
08/03/2021,0.035
05/03/2021,0.03
04/03/2021,0.058
03/03/2021,0.07
02/03/2021,0.068
01/03/2021,0.069
26/02/2021,0.015
25/02/2021,0.044
24/02/2021,0.042
23/02/2021,-0.034
22/02/2021,-0.039
17/02/2021,-0.035
16/02/2021,0.014
15/02/2021,-0.052
12/02/2021,0.015
11/02/2021,0.029
10/02/2021,0.028
09/02/2021,0.027
08/02/2021,0.052
05/02/2021,0.03
04/02/2021,0.029
03/02/2021,0.028
02/02/2021,-0.054
01/02/2021,0.017
29/01/2021,0.03
28/01/2021,0.029
27/01/2021,0.042
26/01/2021,0.036
25/01/2021,-0.035
22/01/2021,0.046
21/01/2021,0.044
20/01/2021,0.042
19/01/2021,0.014
18/01/2021,-0.035
15/01/2021,-0.061
14/01/2021,-0.015
13/01/2021,-0.028
12/01/2021,-0.027
11/01/2021,-0.026
08/01/2021,-0.086
07/01/2021,-0.101
06/01/2021,-0.096
05/01/2021,-0.109
04/01/2021,-0.139
31/12/2020,0.029
30/12/2020,0.028
29/12/2020,-0.036
28/12/2020,-0.082
25/12/2020,-0.082
24/12/2020,-0.044
23/12/2020,-0.042
22/12/2020,-0.041
21/12/2020,-0.017
18/12/2020,-0.015
17/12/2020,-0.015
16/12/2020,-0.014
15/12/2020,-0.054
14/12/2020,-0.052
11/12/2020,-0.061
10/12/2020,-0.058
09/12/2020,-0.056
08/12/2020,-0.054
07/12/2020,0.017
04/12/2020,0.015
01/12/2020,-0.078
30/11/2020,-0.025
27/11/2020,-0.015
26/11/2020,-0.015
25/11/2020,-0.028
24/11/2020,-0.027
23/11/2020,0.026
20/11/2020,-0.061
19/11/2020,-0.044
18/11/2020,-0.042
17/11/2020,-0.041
16/11/2020,-0.039
13/11/2020,-0.03
12/11/2020,0.015
10/11/2020,-0.034
09/11/2020,-0.039
06/11/2020,0.03
05/11/2020,0.015
04/11/2020,0.028
03/11/2020,0.014
02/11/2020,0.017
30/10/2020,0.015
29/10/2020,0.015
28/10/2020,0.028
27/10/2020,0.027
26/10/2020,0.017
23/10/2020,0.015
22/10/2020,0.015
21/10/2020,0.014
20/10/2020,0.041
19/10/2020,0.026
16/10/2020,0.03
15/10/2020,0.029
14/10/2020,0.028
12/10/2020,0.035
09/10/2020,0.015
08/10/2020,-0.007
05/10/2020,0.052
02/10/2020,0.046
01/10/2020,0.044
30/09/2020,0.056
29/09/2020,0.027
28/09/2020,0.035
25/09/2020,0.015
24/09/2020,0.015
23/09/2020,-0.035
22/09/2020,0.014
21/09/2020,0.017
18/09/2020,0.015
17/09/2020,0.015
16/09/2020,0.028
15/09/2020,0.027
14/09/2020,0.017
11/09/2020,0.015
10/09/2020,0.015
09/09/2020,0.014
08/09/2020,0.014
07/09/2020,0.026
04/09/2020,0.03
03/09/2020,0.029
02/09/2020,0.042
01/09/2020,0.055
31/08/2020,0.009
28/08/2020,0.046
27/08/2020,0.044
26/08/2020,0.056
25/08/2020,0.054
24/08/2020,0.052
21/08/2020,0.046
20/08/2020,0.029
19/08/2020,0.028
18/08/2020,0.027
17/08/2020,0.069
14/08/2020,0.076
13/08/2020,0.029
12/08/2020,0.028
11/08/2020,0.027
10/08/2020,0.033
07/08/2020,0.029
06/08/2020,0.042
05/08/2020,0.041
04/08/2020,0.039
03/08/2020,0.017
31/07/2020,0.03
30/07/2020,0.029
29/07/2020,0.028
28/07/2020,0.027
27/07/2020,0.035
24/07/2020,0.015
23/07/2020,0.015
22/07/2020,0.042
21/07/2020,0.041
20/07/2020,0.035
17/07/2020,0.061
16/07/2020,0.015
15/07/2020,0.014
14/07/2020,0.014
13/07/2020,-0.113
10/07/2020,-0.03
09/07/2020,-0.029
08/07/2020,0.042
07/07/2020,0.041
06/07/2020,0.035
03/07/2020,0.046
02/07/2020,0.029
01/07/2020,0.056
30/06/2020,0.041
29/06/2020,0.069
26/06/2020,0.046
25/06/2020,0.058
24/06/2020,0.056
23/06/2020,0.054
22/06/2020,0.087
19/06/2020,0.122
18/06/2020,0.102
17/06/2020,0.098
16/06/2020,0.108
15/06/2020,0.052
12/06/2020,0.061
11/06/2020,0.058
10/06/2020,0.056
09/06/2020,0.054
08/06/2020,0.087
05/06/2020,0.091
04/06/2020,0.101
03/06/2020,0.096
02/06/2020,0.091
01/06/2020,0.104
29/05/2020,0.091
28/05/2020,0.088
27/05/2020,0.084
26/05/2020,0.109
25/05/2020,0.018
22/05/2020,0.106
21/05/2020,0.088
20/05/2020,0.112
19/05/2020,0.073
18/05/2020,0.069
15/05/2020,0.091
14/05/2020,0.088
13/05/2020,0.084
12/05/2020,0.095
11/05/2020,0.122
08/05/2020,0.043
07/05/2020,0.131
06/05/2020,-0.056
05/05/2020,-0.041
01/05/2020,0.029
30/04/2020,0.042
29/04/2020,0.054
28/04/2020,0.052
27/04/2020,0.087
24/04/2020,0.091
23/04/2020,0.102
22/04/2020,0.126
21/04/2020,0.149
20/04/2020,0.191
17/04/2020,0.213
16/04/2020,0.219
15/04/2020,0.211
14/04/2020,0.164
13/04/2020,0.109
10/04/2020,0.109
09/04/2020,0.19
08/04/2020,0.211
07/04/2020,0.216
06/04/2020,0.156
03/04/2020,0.183
02/04/2020,0.19
01/04/2020,0.197
31/03/2020,0.216
30/03/2020,0.243
27/03/2020,0.259
26/03/2020,0.263
25/03/2020,0.267
24/03/2020,0.257
23/03/2020,0.216
20/03/2020,0.219
19/03/2020,0.267
18/03/2020,0.257
17/03/2020,0.261
16/03/2020,0.243
13/03/2020,0.259
12/03/2020,0.248
11/03/2020,0.253
10/03/2020,0.514
09/03/2020,0.556
06/03/2020,0.609
05/03/2020,0.613
04/03/2020,0.534
03/03/2020,0.636
02/03/2020,0.643
28/02/2020,0.7
27/02/2020,0.73
26/02/2020,0.73
25/02/2020,0.73
24/02/2020,0.696
21/02/2020,0.7
20/02/2020,0.687
19/02/2020,0.688
18/02/2020,0.69
17/02/2020,0.73
14/02/2020,0.73
13/02/2020,0.73
12/02/2020,0.73
11/02/2020,0.717
10/02/2020,0.713
07/02/2020,0.73
06/02/2020,0.73
05/02/2020,0.73
04/02/2020,0.73
03/02/2020,0.748
31/01/2020,0.746
30/01/2020,0.672
29/01/2020,0.66
28/01/2020,0.663
27/01/2020,0.678
24/01/2020,0.685
23/01/2020,0.672
22/01/2020,0.674
21/01/2020,0.703
20/01/2020,0.713
17/01/2020,0.715
16/01/2020,0.716
15/01/2020,0.716
14/01/2020,0.622
13/01/2020,0.73
10/01/2020,0.73
09/01/2020,0.73
08/01/2020,0.73
07/01/2020,0.73
06/01/2020,0.73
03/01/2020,0.73
02/01/2020,0.73
01/01/2020,0.682
31/12/2019,0.73
30/12/2019,0.73
27/12/2019,0.73
26/12/2019,0.664
25/12/2019,0.664
24/12/2019,0.717
23/12/2019,0.678
20/12/2019,0.669
19/12/2019,0.672
18/12/2019,0.674
17/12/2019,0.663
16/12/2019,0.713
13/12/2019,0.715
12/12/2019,0.716
11/12/2019,0.716
10/12/2019,0.717
09/12/2019,0.8
06/12/2019,0.791
05/12/2019,0.789
04/12/2019,0.787
03/12/2019,0.785
02/12/2019,0.73
29/11/2019,0.73
28/11/2019,0.751
27/11/2019,0.749
26/11/2019,0.767
25/11/2019,0.748
22/11/2019,0.746
21/11/2019,0.745
20/11/2019,0.744
19/11/2019,0.757
18/11/2019,0.748
15/11/2019,0.746
14/11/2019,0.76
13/11/2019,0.758
12/11/2019,0.757
11/11/2019,0.765
08/11/2019,0.761
07/11/2019,0.774
06/11/2019,0.772
05/11/2019,0.771
04/11/2019,0.765
01/11/2019,0.761
31/10/2019,0.76
30/10/2019,0.758
29/10/2019,0.757
28/10/2019,0.748
25/10/2019,0.746
24/10/2019,0.774
23/10/2019,0.772
22/10/2019,0.771
21/10/2019,0.765
18/10/2019,0.761
17/10/2019,0.76
16/10/2019,0.744
15/10/2019,0.771
14/10/2019,0.748
11/10/2019,0.761
10/10/2019,0.76
09/10/2019,0.744
08/10/2019,0.757
07/10/2019,0.748
04/10/2019,0.761
03/10/2019,0.76
02/10/2019,0.772
01/10/2019,0.757
30/09/2019,0.765
27/09/2019,0.761
26/09/2019,0.76
25/09/2019,0.758
24/09/2019,0.757
23/09/2019,0.748
20/09/2019,0.761
19/09/2019,0.76
18/09/2019,0.758
17/09/2019,0.771
16/09/2019,0.748
13/09/2019,0.761
12/09/2019,0.745
11/09/2019,0.744
10/09/2019,0.757
09/09/2019,0.765
06/09/2019,0.746
05/09/2019,0.745
04/09/2019,0.73
03/09/2019,0.744
02/09/2019,0.748
30/08/2019,0.746
29/08/2019,0.745
28/08/2019,0.744
27/08/2019,0.749
26/08/2019,0.749
23/08/2019,0.761
22/08/2019,0.76
21/08/2019,0.758
20/08/2019,0.744
19/08/2019,0.748
16/08/2019,0.746
15/08/2019,0.745
14/08/2019,0.744
13/08/2019,0.744
12/08/2019,0.748
09/08/2019,0.746
08/08/2019,0.745
07/08/2019,0.73
06/08/2019,0.73
05/08/2019,0.747
02/08/2019,0.745
01/08/2019,0.744
31/07/2019,0.744
30/07/2019,0.743
29/07/2019,0.748
26/07/2019,0.746
25/07/2019,0.716
24/07/2019,0.716
23/07/2019,0.717
22/07/2019,0.73
19/07/2019,0.73
18/07/2019,0.73
17/07/2019,0.73
16/07/2019,0.73
15/07/2019,0.765
12/07/2019,0.761
11/07/2019,0.76
10/07/2019,0.744
09/07/2019,0.744
08/07/2019,0.713
05/07/2019,0.715
04/07/2019,0.716
03/07/2019,0.772
02/07/2019,0.771
01/07/2019,0.748
28/06/2019,0.746
27/06/2019,0.745
26/06/2019,0.73
25/06/2019,0.717
24/06/2019,0.73
21/06/2019,0.73
20/06/2019,0.701
19/06/2019,0.702
18/06/2019,0.73
17/06/2019,0.748
14/06/2019,0.746
13/06/2019,0.745
12/06/2019,0.744
11/06/2019,0.744
10/06/2019,0.73
07/06/2019,0.73
06/06/2019,0.73
05/06/2019,0.73
04/06/2019,0.73
03/06/2019,0.748
31/05/2019,0.73
30/05/2019,0.73
29/05/2019,0.73
28/05/2019,0.73
27/05/2019,0.73
24/05/2019,0.73
23/05/2019,0.73
22/05/2019,0.73
21/05/2019,0.73
20/05/2019,0.73
17/05/2019,0.746
16/05/2019,0.76
15/05/2019,0.758
14/05/2019,0.744
13/05/2019,0.748
10/05/2019,0.761
09/05/2019,0.76
08/05/2019,0.758
07/05/2019,0.765
06/05/2019,0.765
03/05/2019,0.76
02/05/2019,0.758
01/05/2019,0.757
30/04/2019,0.757
29/04/2019,0.748
26/04/2019,0.746
25/04/2019,0.76
24/04/2019,0.758
23/04/2019,0.767
22/04/2019,0.767
19/04/2019,0.767
18/04/2019,0.774
17/04/2019,0.744
16/04/2019,0.757
15/04/2019,0.747
12/04/2019,0.76
11/04/2019,0.758
10/04/2019,0.757
09/04/2019,0.757
08/04/2019,0.748
05/04/2019,0.746
04/04/2019,0.774
03/04/2019,0.52
02/04/2019,0.514
01/04/2019,0.515
29/03/2019,0.526
28/03/2019,0.52
27/03/2019,0.527
26/03/2019,0.522
25/03/2019,0.539
22/03/2019,0.548
21/03/2019,0.54
20/03/2019,0.548
19/03/2019,0.541
18/03/2019,0.539
15/03/2019,0.548
14/03/2019,0.555
13/03/2019,0.548
12/03/2019,0.554
11/03/2019,0.556
08/03/2019,0.563
07/03/2019,0.555
06/03/2019,0.562
05/03/2019,0.568
04/03/2019,0.574
01/03/2019,0.563
28/02/2019,0.57
27/02/2019,0.576
26/02/2019,0.568
25/02/2019,0.574
22/02/2019,0.578
21/02/2019,0.584
20/02/2019,0.576
19/02/2019,0.581
18/02/2019,0.591
15/02/2019,0.593
14/02/2019,0.599
13/02/2019,0.59
12/02/2019,0.595
11/02/2019,0.591
08/02/2019,0.609
07/02/2019,0.599
06/02/2019,0.604
05/02/2019,0.609
04/02/2019,0.591
01/02/2019,0.609
31/01/2019,0.599
30/01/2019,0.604
29/01/2019,0.609
28/01/2019,0.609
25/01/2019,0.609
24/01/2019,0.599
23/01/2019,0.604
22/01/2019,0.609
21/01/2019,0.609
18/01/2019,0.609
17/01/2019,0.613
16/01/2019,0.604
15/01/2019,0.639
14/01/2019,0.643
11/01/2019,0.639
10/01/2019,0.643
09/01/2019,0.646
08/01/2019,0.649
07/01/2019,0.652
04/01/2019,0.644
03/01/2019,0.649
02/01/2019,0.653
01/01/2019,0.653
31/12/2018,0.643
28/12/2018,0.654
27/12/2018,0.657
26/12/2018,0.669
25/12/2018,0.669
24/12/2018,0.678
21/12/2018,0.687
20/12/2018,0.672
19/12/2018,0.692
18/12/2018,0.694
17/12/2018,0.696
14/12/2018,0.7
13/12/2018,0.701
12/12/2018,0.702
11/12/2018,0.703
10/12/2018,0.713
07/12/2018,0.73
06/12/2018,0.73
05/12/2018,0.73
04/12/2018,0.73
03/12/2018,0.73
30/11/2018,0.694
29/11/2018,0.697
28/11/2018,0.73
27/11/2018,0.73
26/11/2018,0.713
23/11/2018,0.715
22/11/2018,0.716
21/11/2018,0.716
20/11/2018,0.717
19/11/2018,0.73
16/11/2018,0.73
15/11/2018,0.73
14/11/2018,0.73
13/11/2018,0.73
12/11/2018,0.73
09/11/2018,0.73
08/11/2018,0.716
07/11/2018,0.716
06/11/2018,0.717
05/11/2018,0.717
02/11/2018,0.715
01/11/2018,0.716
31/10/2018,0.716
30/10/2018,0.712
29/10/2018,0.713
26/10/2018,0.715
25/10/2018,0.716
24/10/2018,0.716
23/10/2018,0.717
22/10/2018,0.73
19/10/2018,0.73
18/10/2018,0.73
17/10/2018,0.73
16/10/2018,0.73
15/10/2018,0.73
12/10/2018,0.73
11/10/2018,0.73
10/10/2018,0.73
09/10/2018,0.73
08/10/2018,0.73
05/10/2018,0.73
04/10/2018,0.73
03/10/2018,0.744
02/10/2018,0.744
01/10/2018,0.73
28/09/2018,0.73
27/09/2018,0.73
26/09/2018,0.73
25/09/2018,0.749
24/09/2018,0.748
21/09/2018,0.746
20/09/2018,0.745
19/09/2018,0.744
18/09/2018,0.744
17/09/2018,0.748
14/09/2018,0.746
13/09/2018,0.745
12/09/2018,0.744
11/09/2018,0.744
10/09/2018,0.748
07/09/2018,0.746
06/09/2018,0.745
05/09/2018,0.744
04/09/2018,0.757
03/09/2018,0.73
31/08/2018,0.746
30/08/2018,0.745
29/08/2018,0.744
28/08/2018,0.749
27/08/2018,0.694
24/08/2018,0.685
23/08/2018,0.687
22/08/2018,0.688
21/08/2018,0.69
20/08/2018,0.678
17/08/2018,0.669
16/08/2018,0.687
15/08/2018,0.674
14/08/2018,0.676
13/08/2018,0.661
10/08/2018,0.669
09/08/2018,0.672
08/08/2018,0.674
07/08/2018,0.676
06/08/2018,0.664
03/08/2018,0.657
02/08/2018,0.66
01/08/2018,0.663
31/07/2018,0.626
30/07/2018,0.643
27/07/2018,0.624
26/07/2018,0.613
25/07/2018,0.604
24/07/2018,0.609
23/07/2018,0.609
20/07/2018,0.624
19/07/2018,0.599
18/07/2018,0.604
17/07/2018,0.595
16/07/2018,0.591
13/07/2018,0.593
12/07/2018,0.628
11/07/2018,0.618
10/07/2018,0.622
09/07/2018,0.574
06/07/2018,0.578
05/07/2018,0.57
04/07/2018,0.548
03/07/2018,0.541
02/07/2018,0.504
29/06/2018,0.502
28/06/2018,0.467
27/06/2018,0.463
26/06/2018,0.46
25/06/2018,0.469
22/06/2018,0.456
21/06/2018,0.453
20/06/2018,0.449
19/06/2018,0.46
18/06/2018,0.452
15/06/2018,0.456
14/06/2018,0.453
13/06/2018,0.449
12/06/2018,0.446
11/06/2018,0.4
08/06/2018,0.411
07/06/2018,0.409
06/06/2018,0.407
05/06/2018,0.406
04/06/2018,0.435
01/06/2018,0.426
31/05/2018,0.424
30/05/2018,0.421
29/05/2018,0.433
28/05/2018,0.42
25/05/2018,0.396
24/05/2018,0.394
23/05/2018,0.393
22/05/2018,0.392
21/05/2018,0.4
20/05/2018,0.396
18/05/2018,0.396
17/05/2018,0.394
16/05/2018,0.393
15/05/2018,0.406
14/05/2018,0.382
11/05/2018,0.396
10/05/2018,0.453
09/05/2018,0.449
08/05/2018,0.446
07/05/2018,0.469
04/05/2018,0.467
03/05/2018,0.477
02/05/2018,0.473
01/05/2018,0.495
30/04/2018,0.504
27/04/2018,0.502
26/04/2018,0.54
25/04/2018,0.534
24/04/2018,0.541
23/04/2018,0.487
20/04/2018,0.502
19/04/2018,0.497
18/04/2018,0.491
17/04/2018,0.5
16/04/2018,0.448
13/04/2018,0.438
12/04/2018,0.435
11/04/2018,0.338
10/04/2018,0.339
09/04/2018,0.348
06/04/2018,0.35
05/04/2018,0.35
04/04/2018,0.351
03/04/2018,0.383
30/03/2018,0.383
29/03/2018,0.38
28/03/2018,0.379
27/03/2018,0.379
26/03/2018,0.296
23/03/2018,0.319
22/03/2018,0.307
21/03/2018,0.309
20/03/2018,0.311
19/03/2018,0.296
16/03/2018,0.289
15/03/2018,0.292
14/03/2018,0.295
13/03/2018,0.298
12/03/2018,0.299
09/03/2018,0.292
08/03/2018,0.323
07/03/2018,0.311
06/03/2018,0.313
05/03/2018,0.313
02/03/2018,0.319
01/03/2018,0.292
28/02/2018,0.295
27/02/2018,0.284
26/02/2018,0.296
23/02/2018,0.289
22/02/2018,0.292
21/02/2018,0.295
20/02/2018,0.298
19/02/2018,0.296
18/02/2018,0.289
16/02/2018,0.289
15/02/2018,0.292
14/02/2018,0.295
13/02/2018,0.298
12/02/2018,0.313
09/02/2018,0.304
08/02/2018,0.307
07/02/2018,0.323
06/02/2018,0.324
05/02/2018,0.313
02/02/2018,0.319
01/02/2018,0.321
31/01/2018,0.323
30/01/2018,0.324
29/01/2018,0.33
26/01/2018,0.319
25/01/2018,0.321
24/01/2018,0.323
23/01/2018,0.324
22/01/2018,0.4
19/01/2018,0.396
18/01/2018,0.394
17/01/2018,0.393
16/01/2018,0.392
15/01/2018,0.382
12/01/2018,0.396
11/01/2018,0.394
10/01/2018,0.393
09/01/2018,0.392
08/01/2018,0.391
05/01/2018,0.387
04/01/2018,0.243
03/01/2018,0.25
02/01/2018,0.255
01/01/2018,0.255
29/12/2017,0.243
28/12/2017,0.263
27/12/2017,0.269
25/12/2017,0.269
22/12/2017,0.274
21/12/2017,0.278
20/12/2017,0.267
19/12/2017,0.27
18/12/2017,0.243
16/12/2017,0.243
15/12/2017,0.243
14/12/2017,0.263
13/12/2017,0.267
12/12/2017,0.27
11/12/2017,0.266
08/12/2017,0.35
07/12/2017,0.351
06/12/2017,0.352
05/12/2017,0.352
04/12/2017,0.413
01/12/2017,0.407
30/11/2017,0.419
29/11/2017,0.378
28/11/2017,0.378
27/11/2017,0.365
24/11/2017,0.365
23/11/2017,0.38
22/11/2017,0.379
21/11/2017,0.379
20/11/2017,0.365
17/11/2017,0.365
16/11/2017,0.38
15/11/2017,0.379
14/11/2017,0.379
13/11/2017,0.382
10/11/2017,0.396
09/11/2017,0.394
08/11/2017,0.393
07/11/2017,0.392
06/11/2017,0.382
03/11/2017,0.426
02/11/2017,0.365
01/11/2017,0.351
31/10/2017,0.324
30/10/2017,0.313
29/10/2017,0.274
27/10/2017,0.274
26/10/2017,0.278
25/10/2017,0.267
24/10/2017,0.27
23/10/2017,0.243
22/10/2017,0.243
20/10/2017,0.243
19/10/2017,0.248
18/10/2017,0.239
17/10/2017,0.243
16/10/2017,0.226
13/10/2017,0.198
12/10/2017,0.19
11/10/2017,0.197
10/10/2017,0.189
09/10/2017,0.156
06/10/2017,0.167
05/10/2017,0.175
04/10/2017,0.154
03/10/2017,0.162
02/10/2017,0.156
29/09/2017,0.152
28/09/2017,0.161
27/09/2017,0.154
26/09/2017,0.162
25/09/2017,0.174
22/09/2017,0.167
21/09/2017,0.161
20/09/2017,0.169
19/09/2017,0.176
18/09/2017,0.191
15/09/2017,0.183
14/09/2017,0.175
13/09/2017,0.183
12/09/2017,0.176
11/09/2017,0.174
08/09/2017,0.183
07/09/2017,0.175
06/09/2017,0.183
05/09/2017,0.176
04/09/2017,0.191
01/09/2017,0.183
31/08/2017,0.19
30/08/2017,0.183
29/08/2017,0.183
28/08/2017,0.183
25/08/2017,0.183
24/08/2017,0.19
23/08/2017,0.183
22/08/2017,0.189
21/08/2017,0.139
18/08/2017,0.137
17/08/2017,0.131
16/08/2017,0.14
15/08/2017,0.135
14/08/2017,0.156
11/08/2017,0.152
10/08/2017,0.19
09/08/2017,0.183
08/08/2017,0.189
07/08/2017,0.183
06/08/2017,0.19
04/08/2017,0.19
03/08/2017,0.197
02/08/2017,0.189
01/08/2017,0.196
31/07/2017,0.191
28/07/2017,0.183
27/07/2017,0.156
26/07/2017,0.158
25/07/2017,0.163
24/07/2017,0.164
21/07/2017,0.134
20/07/2017,0.146
19/07/2017,0.152
18/07/2017,0.155
17/07/2017,0.137
16/07/2017,0.134
14/07/2017,0.134
13/07/2017,0.146
12/07/2017,0.147
11/07/2017,0.149
10/07/2017,0.137
07/07/2017,0.134
06/07/2017,0.146
05/07/2017,0.147
04/07/2017,0.145
03/07/2017,0.127
02/07/2017,0.126
01/07/2017,0.126
30/06/2017,0.126
29/06/2017,0.137
28/06/2017,0.139
27/06/2017,0.141
26/06/2017,0.129
25/06/2017,0.123
23/06/2017,0.123
22/06/2017,0.136
21/06/2017,0.138
20/06/2017,0.141
19/06/2017,0.127
16/06/2017,0.125
15/06/2017,0.136
14/06/2017,0.138
13/06/2017,0.141
12/06/2017,0.127
09/06/2017,0.125
08/06/2017,0.136
07/06/2017,0.138
06/06/2017,0.141
05/06/2017,0.127
02/06/2017,0.125
01/06/2017,0.136
31/05/2017,0.138
30/05/2017,0.128
26/05/2017,0.12
25/05/2017,0.136
24/05/2017,0.138
23/05/2017,0.139
22/05/2017,0.127
19/05/2017,0.125
18/05/2017,0.136
17/05/2017,0.138
16/05/2017,0.139
15/05/2017,0.127
12/05/2017,0.125
11/05/2017,0.136
10/05/2017,0.138
09/05/2017,0.139
08/05/2017,0.128
07/05/2017,0.127
05/05/2017,0.127
04/05/2017,0.138
03/05/2017,0.139
02/05/2017,0.128
28/04/2017,0.119
27/04/2017,0.136
26/04/2017,0.138
25/04/2017,0.141
24/04/2017,0.127
22/04/2017,0.125
21/04/2017,0.125
20/04/2017,0.136
19/04/2017,0.138
18/04/2017,0.128
17/04/2017,0.118
13/04/2017,0.118
12/04/2017,0.138
11/04/2017,0.141
10/04/2017,0.128
07/04/2017,0.136
06/04/2017,0.138
05/04/2017,0.141
04/04/2017,0.197
03/04/2017,0.099
31/03/2017,0.131
30/03/2017,0.134
29/03/2017,0.139
28/03/2017,0.142
27/03/2017,0.119
26/03/2017,0.114
24/03/2017,0.114
23/03/2017,0.139
22/03/2017,0.142
21/03/2017,0.146
20/03/2017,0.109
18/03/2017,0.125
17/03/2017,0.125
16/03/2017,0.134
15/03/2017,0.139
14/03/2017,0.142
13/03/2017,0.12
10/03/2017,0.125
09/03/2017,0.134
08/03/2017,0.139
07/03/2017,0.142
06/03/2017,0.12
03/03/2017,0.125
02/03/2017,0.134
01/03/2017,0.139
28/02/2017,0.142
27/02/2017,0.12
24/02/2017,0.129
23/02/2017,0.142
22/02/2017,0.146
21/02/2017,0.151
20/02/2017,0.12
17/02/2017,0.129
16/02/2017,0.142
15/02/2017,0.146
14/02/2017,0.151
13/02/2017,0.12
10/02/2017,0.129
09/02/2017,0.142
08/02/2017,0.146
07/02/2017,0.151
06/02/2017,0.12
03/02/2017,0.129
02/02/2017,0.15
01/02/2017,0.156
31/01/2017,0.161
30/01/2017,0.129
27/01/2017,0.132
26/01/2017,0.134
25/01/2017,0.149
24/01/2017,0.151
23/01/2017,0.12
20/01/2017,0.138
19/01/2017,0.134
18/01/2017,0.139
17/01/2017,0.142
16/01/2017,0.12
13/01/2017,0.138
12/01/2017,0.134
11/01/2017,0.139
10/01/2017,0.151
09/01/2017,0.125
06/01/2017,0.116
05/01/2017,0.128
04/01/2017,0.127
03/01/2017,0.128
30/12/2016,0.119
29/12/2016,0.13
28/12/2016,0.117
23/12/2016,0.131
22/12/2016,0.134
21/12/2016,0.133
20/12/2016,0.138
19/12/2016,0.12
16/12/2016,0.125
15/12/2016,0.134
14/12/2016,0.139
13/12/2016,0.172
12/12/2016,0.119
09/12/2016,0.124
08/12/2016,0.133
07/12/2016,0.137
06/12/2016,0.134
05/12/2016,0.109
02/12/2016,0.122
01/12/2016,0.132
30/11/2016,0.149
29/11/2016,0.154
28/11/2016,0.12
25/11/2016,0.125
24/11/2016,0.136
23/11/2016,0.14
22/11/2016,0.145
21/11/2016,0.12
18/11/2016,0.125
17/11/2016,0.136
16/11/2016,0.14
15/11/2016,0.145
14/11/2016,0.12
11/11/2016,0.17
10/11/2016,0.185
09/11/2016,0.185
08/11/2016,0.185
07/11/2016,0.184
04/11/2016,0.17
03/11/2016,0.175
02/11/2016,0.174
01/11/2016,0.185
31/10/2016,0.184
28/10/2016,0.176
27/10/2016,0.193
26/10/2016,0.195
25/10/2016,0.193
24/10/2016,0.184
21/10/2016,0.167
20/10/2016,0.181
19/10/2016,0.185
18/10/2016,0.185
17/10/2016,0.184
15/10/2016,0.17
14/10/2016,0.17
13/10/2016,0.184
12/10/2016,0.185
11/10/2016,0.185
10/10/2016,0.184
07/10/2016,0.179
06/10/2016,0.185
05/10/2016,0.185
04/10/2016,0.185
03/10/2016,0.184
30/09/2016,0.17
29/09/2016,0.185
28/09/2016,0.185
27/09/2016,0.199
26/09/2016,0.186
25/09/2016,0.17
24/09/2016,0.17
23/09/2016,0.17
22/09/2016,0.184
21/09/2016,0.197
20/09/2016,0.185
19/09/2016,0.184
17/09/2016,0.179
16/09/2016,0.179
15/09/2016,0.185
14/09/2016,0.201
13/09/2016,0.204
12/09/2016,0.184
09/09/2016,0.169
08/09/2016,0.174
07/09/2016,0.18
06/09/2016,0.184
05/09/2016,0.184
02/09/2016,0.17
01/09/2016,0.181
31/08/2016,0.184
30/08/2016,0.184
26/08/2016,0.163
25/08/2016,0.193
24/08/2016,0.195
23/08/2016,0.197
22/08/2016,0.184
19/08/2016,0.183
18/08/2016,0.185
17/08/2016,0.205
16/08/2016,0.21
15/08/2016,0.184
14/08/2016,0.201
13/08/2016,0.201
12/08/2016,0.201
11/08/2016,0.221
10/08/2016,0.225
09/08/2016,0.228
08/08/2016,0.204
06/08/2016,0.204
05/08/2016,0.204
04/08/2016,0.263
03/08/2016,0.298
02/08/2016,0.314
01/08/2016,0.285
29/07/2016,0.297
28/07/2016,0.349
27/07/2016,0.291
26/07/2016,0.301
25/07/2016,0.344
22/07/2016,0.339
21/07/2016,0.38
20/07/2016,0.371
19/07/2016,0.385
18/07/2016,0.395
15/07/2016,0.373
14/07/2016,0.241
13/07/2016,0.257
12/07/2016,0.266
11/07/2016,0.278
08/07/2016,0.283
07/07/2016,0.326
06/07/2016,0.331
05/07/2016,0.346
04/07/2016,0.374
01/07/2016,0.357
30/06/2016,0.426
29/06/2016,0.424
28/06/2016,0.421
27/06/2016,0.386
24/06/2016,0.37
23/06/2016,0.409
22/06/2016,0.413
21/06/2016,0.426
20/06/2016,0.405
17/06/2016,0.383
16/06/2016,0.419
15/06/2016,0.417
14/06/2016,0.43
13/06/2016,0.414
10/06/2016,0.393
09/06/2016,0.429
08/06/2016,0.433
07/06/2016,0.412
06/06/2016,0.414
03/06/2016,0.393
02/06/2016,0.429
01/06/2016,0.433
31/05/2016,0.412
27/05/2016,0.374
26/05/2016,0.428
25/05/2016,0.431
24/05/2016,0.434
23/05/2016,0.414
20/05/2016,0.374
19/05/2016,0.409
18/05/2016,0.411
17/05/2016,0.415
16/05/2016,0.395
13/05/2016,0.374
12/05/2016,0.409
11/05/2016,0.402
10/05/2016,0.403
09/05/2016,0.395
06/05/2016,0.37
05/05/2016,0.402
04/05/2016,0.403
03/05/2016,0.393
29/04/2016,0.351
28/04/2016,0.4
27/04/2016,0.411
26/04/2016,0.414
25/04/2016,0.405
22/04/2016,0.377
21/04/2016,0.41
20/04/2016,0.411
19/04/2016,0.414
18/04/2016,0.405
15/04/2016,0.377
14/04/2016,0.41
13/04/2016,0.402
12/04/2016,0.403
11/04/2016,0.395
08/04/2016,0.371
07/04/2016,0.402
06/04/2016,0.403
05/04/2016,0.404
04/04/2016,0.395
01/04/2016,0.367
31/03/2016,0.402
30/03/2016,0.402
29/03/2016,0.393
24/03/2016,0.35
23/03/2016,0.402
22/03/2016,0.403
21/03/2016,0.405
18/03/2016,0.377
17/03/2016,0.413
16/03/2016,0.417
15/03/2016,0.421
14/03/2016,0.395
11/03/2016,0.376
10/03/2016,0.412
09/03/2016,0.417
08/03/2016,0.421
07/03/2016,0.395
04/03/2016,0.367
03/03/2016,0.417
02/03/2016,0.421
01/03/2016,0.419
29/02/2016,0.395
26/02/2016,0.379
25/02/2016,0.416
24/02/2016,0.403
23/02/2016,0.427
22/02/2016,0.395
19/02/2016,0.368
18/02/2016,0.421
17/02/2016,0.426
16/02/2016,0.414
15/02/2016,0.405
14/02/2016,0.371
12/02/2016,0.371
11/02/2016,0.426
10/02/2016,0.421
09/02/2016,0.411
08/02/2016,0.395
05/02/2016,0.379
04/02/2016,0.416
03/02/2016,0.421
02/02/2016,0.427
01/02/2016,0.395
29/01/2016,0.377
28/01/2016,0.405
27/01/2016,0.407
26/01/2016,0.41
25/01/2016,0.395
22/01/2016,0.371
21/01/2016,0.416
20/01/2016,0.417
19/01/2016,0.41
18/01/2016,0.395
15/01/2016,0.371
14/01/2016,0.415
13/01/2016,0.417
12/01/2016,0.419
11/01/2016,0.405
10/01/2016,0.379
08/01/2016,0.379
07/01/2016,0.453
06/01/2016,0.445
05/01/2016,0.448
04/01/2016,0.433
31/12/2015,0.377
30/12/2015,0.419
29/12/2015,0.402
24/12/2015,0.353
23/12/2015,0.426
22/12/2015,0.43
21/12/2015,0.403
18/12/2015,0.379
17/12/2015,0.429
16/12/2015,0.43
15/12/2015,0.431
14/12/2015,0.423
11/12/2015,0.391
10/12/2015,0.429
09/12/2015,0.43
08/12/2015,0.431
07/12/2015,0.423
04/12/2015,0.393
03/12/2015,0.42
02/12/2015,0.423
01/12/2015,0.429
30/11/2015,0.433
27/11/2015,0.406
26/11/2015,0.435
25/11/2015,0.435
24/11/2015,0.435
23/11/2015,0.433
22/11/2015,0.406
20/11/2015,0.406
19/11/2015,0.44
18/11/2015,0.447
17/11/2015,0.449
16/11/2015,0.433
13/11/2015,0.406
12/11/2015,0.435
11/11/2015,0.447
10/11/2015,0.449
09/11/2015,0.433
06/11/2015,0.396
05/11/2015,0.44
04/11/2015,0.44
03/11/2015,0.458
02/11/2015,0.443
30/10/2015,0.406
29/10/2015,0.442
28/10/2015,0.445
27/10/2015,0.448
26/10/2015,0.433
23/10/2015,0.396
22/10/2015,0.432
21/10/2015,0.435
20/10/2015,0.438
19/10/2015,0.433
18/10/2015,0.406
16/10/2015,0.406
15/10/2015,0.424
14/10/2015,0.426
13/10/2015,0.44
12/10/2015,0.433
09/10/2015,0.406
08/10/2015,0.442
07/10/2015,0.445
06/10/2015,0.448
05/10/2015,0.433
03/10/2015,0.406
02/10/2015,0.406
01/10/2015,0.442
30/09/2015,0.447
29/09/2015,0.449
28/09/2015,0.433
27/09/2015,0.406
25/09/2015,0.406
24/09/2015,0.428
23/09/2015,0.433
22/09/2015,0.435
21/09/2015,0.414
18/09/2015,0.396
17/09/2015,0.444
16/09/2015,0.447
15/09/2015,0.449
14/09/2015,0.433
11/09/2015,0.406
10/09/2015,0.444
09/09/2015,0.407
08/09/2015,0.41
07/09/2015,0.395
04/09/2015,0.37
03/09/2015,0.405
02/09/2015,0.407
01/09/2015,0.393
31/08/2015,0.353
28/08/2015,0.353
27/08/2015,0.405
26/08/2015,0.406
25/08/2015,0.408
24/08/2015,0.395
21/08/2015,0.37
20/08/2015,0.405
19/08/2015,0.406
18/08/2015,0.408
17/08/2015,0.395
14/08/2015,0.37
13/08/2015,0.405
12/08/2015,0.406
11/08/2015,0.408
10/08/2015,0.395
07/08/2015,0.372
06/08/2015,0.406
05/08/2015,0.408
04/08/2015,0.411
03/08/2015,0.395
31/07/2015,0.371
30/07/2015,0.405
29/07/2015,0.406
28/07/2015,0.408
27/07/2015,0.395
24/07/2015,0.37
23/07/2015,0.405
22/07/2015,0.406
21/07/2015,0.408
20/07/2015,0.395
18/07/2015,0.37
17/07/2015,0.37
16/07/2015,0.405
15/07/2015,0.406
14/07/2015,0.408
13/07/2015,0.395
10/07/2015,0.373
09/07/2015,0.409
08/07/2015,0.406
07/07/2015,0.408
06/07/2015,0.395
03/07/2015,0.37
02/07/2015,0.405
01/07/2015,0.406
30/06/2015,0.408
29/06/2015,0.395
26/06/2015,0.377
25/06/2015,0.405
24/06/2015,0.407
23/06/2015,0.41
22/06/2015,0.395
19/06/2015,0.37
18/06/2015,0.405
17/06/2015,0.423
16/06/2015,0.426
15/06/2015,0.395
12/06/2015,0.37
11/06/2015,0.409
10/06/2015,0.413
09/06/2015,0.41
08/06/2015,0.395
07/06/2015,0.37
05/06/2015,0.37
04/06/2015,0.409
03/06/2015,0.407
02/06/2015,0.41
01/06/2015,0.383
30/05/2015,0.344
29/05/2015,0.344
28/05/2015,0.391
27/05/2015,0.392
26/05/2015,0.393
22/05/2015,0.353
21/05/2015,0.405
20/05/2015,0.406
19/05/2015,0.408
18/05/2015,0.395
15/05/2015,0.376
14/05/2015,0.412
13/05/2015,0.417
12/05/2015,0.421
11/05/2015,0.395
08/05/2015,0.376
07/05/2015,0.409
06/05/2015,0.406
05/05/2015,0.395
01/05/2015,0.358
30/04/2015,0.409
29/04/2015,0.41
28/04/2015,0.412
27/04/2015,0.395
24/04/2015,0.37
23/04/2015,0.406
22/04/2015,0.407
21/04/2015,0.41
20/04/2015,0.395
17/04/2015,0.371
16/04/2015,0.406
15/04/2015,0.407
14/04/2015,0.41
13/04/2015,0.395
10/04/2015,0.375
09/04/2015,0.407
08/04/2015,0.41
07/04/2015,0.412
02/04/2015,0.345
01/04/2015,0.407
31/03/2015,0.411
30/03/2015,0.386
27/03/2015,0.365
26/03/2015,0.394
25/03/2015,0.397
24/03/2015,0.399
23/03/2015,0.386
20/03/2015,0.362
19/03/2015,0.394
18/03/2015,0.397
17/03/2015,0.406
16/03/2015,0.395
13/03/2015,0.368
12/03/2015,0.407
11/03/2015,0.41
10/03/2015,0.428
09/03/2015,0.383
06/03/2015,0.346
05/03/2015,0.391
04/03/2015,0.392
03/03/2015,0.394
02/03/2015,0.384
27/02/2015,0.361
26/02/2015,0.397
25/02/2015,0.4
24/02/2015,0.403
23/02/2015,0.383
20/02/2015,0.346
19/02/2015,0.381
18/02/2015,0.382
17/02/2015,0.374
16/02/2015,0.375
13/02/2015,0.356
12/02/2015,0.389
11/02/2015,0.392
10/02/2015,0.395
09/02/2015,0.375
06/02/2015,0.356
05/02/2015,0.389
04/02/2015,0.392
03/02/2015,0.395
02/02/2015,0.367
01/02/2015,0.347
30/01/2015,0.347
29/01/2015,0.377
28/01/2015,0.378
27/01/2015,0.38
26/01/2015,0.367
23/01/2015,0.344
22/01/2015,0.375
21/01/2015,0.378
20/01/2015,0.38
19/01/2015,0.367
16/01/2015,0.344
15/01/2015,0.375
14/01/2015,0.378
13/01/2015,0.38
12/01/2015,0.357
09/01/2015,0.32
08/01/2015,0.363
07/01/2015,0.363
06/01/2015,0.365
05/01/2015,0.367
02/01/2015,0.344
31/12/2014,0.375
30/12/2014,0.385
29/12/2014,0.381
28/12/2014,0.354
24/12/2014,0.354
23/12/2014,0.365
22/12/2014,0.365
19/12/2014,0.342
18/12/2014,0.283
17/12/2014,0.307
16/12/2014,0.329
15/12/2014,0.339
14/12/2014,0.281
12/12/2014,0.281
11/12/2014,0.358
10/12/2014,0.359
09/12/2014,0.345
08/12/2014,0.347
05/12/2014,0.309
04/12/2014,0.353
03/12/2014,0.354
02/12/2014,0.356
01/12/2014,0.356
30/11/2014,0.333
28/11/2014,0.333
27/11/2014,0.367
26/11/2014,0.369
25/11/2014,0.372
24/11/2014,0.356
21/11/2014,0.338
20/11/2014,0.371
19/11/2014,0.375
18/11/2014,0.379
17/11/2014,0.323
16/11/2014,0.288
14/11/2014,0.288
13/11/2014,0.375
12/11/2014,0.377
11/11/2014,0.382
10/11/2014,0.383
07/11/2014,0.344
06/11/2014,0.391
05/11/2014,0.392
04/11/2014,0.393
03/11/2014,0.395
31/10/2014,0.362
30/10/2014,0.394
29/10/2014,0.397
28/10/2014,0.399
27/10/2014,0.344
24/10/2014,0.288
23/10/2014,0.365
22/10/2014,0.368
21/10/2014,0.371
20/10/2014,0.373
17/10/2014,0.335
16/10/2014,0.381
15/10/2014,0.382
14/10/2014,0.383
13/10/2014,0.384
10/10/2014,0.391
09/10/2014,0.425
08/10/2014,0.427
07/10/2014,0.389
06/10/2014,0.391
03/10/2014,0.292
02/10/2014,0.292
01/10/2014,0.321
30/09/2014,0.335
29/09/2014,0.344
27/09/2014,0.299
26/09/2014,0.299
25/09/2014,0.385
24/09/2014,0.389
23/09/2014,0.399
22/09/2014,0.404
19/09/2014,0.365
18/09/2014,0.412
17/09/2014,0.413
16/09/2014,0.383
15/09/2014,0.384
13/09/2014,0.361
12/09/2014,0.361
11/09/2014,0.356
10/09/2014,0.361
09/09/2014,0.365
08/09/2014,0.302
05/09/2014,0.252
04/09/2014,0.322
03/09/2014,0.322
02/09/2014,0.326
01/09/2014,0.329
31/08/2014,0.294
29/08/2014,0.294
28/08/2014,0.335
27/08/2014,0.332
26/08/2014,0.336
22/08/2014,0.31
21/08/2014,0.355
20/08/2014,0.359
19/08/2014,0.364
18/08/2014,0.368
14/08/2014,0.274
13/08/2014,0.292
12/08/2014,0.31
11/08/2014,0.323
10/08/2014,0.266
08/08/2014,0.266
07/08/2014,0.338
06/08/2014,0.341
05/08/2014,0.354
04/08/2014,0.357
02/08/2014,0.32
01/08/2014,0.32
31/07/2014,0.363
30/07/2014,0.363
29/07/2014,0.356
28/07/2014,0.356
27/07/2014,0.347
25/07/2014,0.347
24/07/2014,0.38
23/07/2014,0.383
22/07/2014,0.387
21/07/2014,0.39
20/07/2014,0.376
18/07/2014,0.376
17/07/2014,0.399
16/07/2014,0.4
15/07/2014,0.392
14/07/2014,0.402
12/07/2014,0.378
11/07/2014,0.378
10/07/2014,0.274
09/07/2014,0.292
08/07/2014,0.31
07/07/2014,0.323
04/07/2014,0.266
03/07/2014,0.338
02/07/2014,0.341
01/07/2014,0.345
30/06/2014,0.347
27/06/2014,0.316
26/06/2014,0.359
25/06/2014,0.361
24/06/2014,0.363
23/06/2014,0.365
20/06/2014,0.347
19/06/2014,0.367
18/06/2014,0.369
17/06/2014,0.372
16/06/2014,0.374
13/06/2014,0.356
12/06/2014,0.35
11/06/2014,0.351
10/06/2014,0.351
09/06/2014,0.352
06/06/2014,0.336
05/06/2014,0.246
04/06/2014,0.27
03/06/2014,0.286
02/06/2014,0.297
30/05/2014,0.245
29/05/2014,0.312
28/05/2014,0.313
27/05/2014,0.317
25/05/2014,0.266
23/05/2014,0.266
22/05/2014,0.324
21/05/2014,0.325
20/05/2014,0.327
19/05/2014,0.329
16/05/2014,0.309
15/05/2014,0.337
14/05/2014,0.34
13/05/2014,0.286
12/05/2014,0.297
09/05/2014,0.245
08/05/2014,0.312
07/05/2014,0.313
06/05/2014,0.317
02/05/2014,0.266
01/05/2014,0.324
30/04/2014,0.325
29/04/2014,0.327
28/04/2014,0.329
25/04/2014,0.309
24/04/2014,0.337
23/04/2014,0.317
22/04/2014,0.318
17/04/2014,0.257
16/04/2014,0.327
15/04/2014,0.329
14/04/2014,0.329
11/04/2014,0.321
10/04/2014,0.34
09/04/2014,0.342
08/04/2014,0.344
07/04/2014,0.347
03/04/2014,0.246
02/04/2014,0.27
01/04/2014,0.286
31/03/2014,0.297
28/03/2014,0.245
27/03/2014,0.312
26/03/2014,0.313
25/03/2014,0.317
24/03/2014,0.318
21/03/2014,0.286
20/03/2014,0.335
19/03/2014,0.334
18/03/2014,0.336
17/03/2014,0.337
14/03/2014,0.316
13/03/2014,0.346
12/03/2014,0.348
11/03/2014,0.352
10/03/2014,0.353
09/03/2014,0.339
07/03/2014,0.339
06/03/2014,0.361
05/03/2014,0.361
04/03/2014,0.361
03/03/2014,0.362
28/02/2014,0.346
27/02/2014,0.363
26/02/2014,0.277
25/02/2014,0.292
24/02/2014,0.308
21/02/2014,0.255
20/02/2014,0.322
19/02/2014,0.326
18/02/2014,0.326
17/02/2014,0.329
14/02/2014,0.296
13/02/2014,0.345
12/02/2014,0.338
11/02/2014,0.347
10/02/2014,0.348
07/02/2014,0.33
06/02/2014,0.359
05/02/2014,0.285
04/02/2014,0.298
03/02/2014,0.313
31/01/2014,0.266
30/01/2014,0.332
29/01/2014,0.335
28/01/2014,0.337
27/01/2014,0.339
24/01/2014,0.305
23/01/2014,0.345
22/01/2014,0.346
21/01/2014,0.347
20/01/2014,0.348
17/01/2014,0.329
16/01/2014,0.356
15/01/2014,0.359
14/01/2014,0.361
13/01/2014,0.364
10/01/2014,0.349
09/01/2014,0.37
08/01/2014,0.371
07/01/2014,0.372
06/01/2014,0.371
03/01/2014,0.356
02/01/2014,0.265
31/12/2013,0.262
30/12/2013,0.313
27/12/2013,0.259
25/12/2013,0.286
24/12/2013,0.286
23/12/2013,0.339
20/12/2013,0.305
19/12/2013,0.341
18/12/2013,0.336
17/12/2013,0.347
16/12/2013,0.348
13/12/2013,0.329
12/12/2013,0.356
11/12/2013,0.358
10/12/2013,0.361
09/12/2013,0.364
06/12/2013,0.266
05/12/2013,0.344
04/12/2013,0.332
03/12/2013,0.387
02/12/2013,0.329
29/11/2013,0.305
28/11/2013,0.345
27/11/2013,0.346
26/11/2013,0.347
25/11/2013,0.348
22/11/2013,0.332
21/11/2013,0.358
20/11/2013,0.359
19/11/2013,0.347
18/11/2013,0.348
17/11/2013,0.329
15/11/2013,0.329
14/11/2013,0.358
13/11/2013,0.355
12/11/2013,0.362
11/11/2013,0.373
08/11/2013,0.266
07/11/2013,0.332
06/11/2013,0.335
05/11/2013,0.337
04/11/2013,0.336
03/11/2013,0.303
01/11/2013,0.303
31/10/2013,0.345
30/10/2013,0.336
29/10/2013,0.347
28/10/2013,0.348
27/10/2013,0.329
25/10/2013,0.329
24/10/2013,0.356
23/10/2013,0.359
22/10/2013,0.361
21/10/2013,0.364
18/10/2013,0.349
17/10/2013,0.37
16/10/2013,0.371
10/10/2013,0.265
09/10/2013,0.285
08/10/2013,0.298
07/10/2013,0.313
04/10/2013,0.266
03/10/2013,0.332
02/10/2013,0.335
01/10/2013,0.337
30/09/2013,0.339
29/09/2013,0.305
27/09/2013,0.305
26/09/2013,0.345
25/09/2013,0.346
24/09/2013,0.347
23/09/2013,0.348
22/09/2013,0.329
20/09/2013,0.329
19/09/2013,0.358
18/09/2013,0.346
17/09/2013,0.347
16/09/2013,0.348
15/09/2013,0.329
13/09/2013,0.329
12/09/2013,0.358
11/09/2013,0.359
10/09/2013,0.362
09/09/2013,0.355
08/09/2013,0.301
07/09/2013,0.301
06/09/2013,0.301
05/09/2013,0.333
04/09/2013,0.336
03/09/2013,0.336
02/09/2013,0.337
01/09/2013,0.318
30/08/2013,0.318
29/08/2013,0.348
28/08/2013,0.35
27/08/2013,0.352
23/08/2013,0.329
22/08/2013,0.361
21/08/2013,0.361
20/08/2013,0.361
19/08/2013,0.362
16/08/2013,0.346
15/08/2013,0.363
14/08/2013,0.277
13/08/2013,0.292
12/08/2013,0.308
11/08/2013,0.255
10/08/2013,0.255
09/08/2013,0.255
08/08/2013,0.322
07/08/2013,0.326
06/08/2013,0.326
05/08/2013,0.318
02/08/2013,0.286
01/08/2013,0.324
31/07/2013,0.323
30/07/2013,0.327
29/07/2013,0.337
26/07/2013,0.316
25/07/2013,0.346
24/07/2013,0.348
23/07/2013,0.352
22/07/2013,0.353
19/07/2013,0.338
18/07/2013,0.361
17/07/2013,0.361
16/07/2013,0.292
15/07/2013,0.308
12/07/2013,0.255
11/07/2013,0.312
10/07/2013,0.322
09/07/2013,0.326
08/07/2013,0.318
05/07/2013,0.29
04/07/2013,0.335
03/07/2013,0.332
02/07/2013,0.336
01/07/2013,0.337
28/06/2013,0.318
27/06/2013,0.348
26/06/2013,0.35
25/06/2013,0.352
24/06/2013,0.355
23/06/2013,0.338
21/06/2013,0.338
20/06/2013,0.361
19/06/2013,0.361
18/06/2013,0.361
17/06/2013,0.361
16/06/2013,0.294
14/06/2013,0.294
13/06/2013,0.335
12/06/2013,0.334
11/06/2013,0.336
10/06/2013,0.337
08/06/2013,0.338
07/06/2013,0.338
06/06/2013,0.348
05/06/2013,0.35
04/06/2013,0.352
03/06/2013,0.355
31/05/2013,0.338
30/05/2013,0.255
29/05/2013,0.277
28/05/2013,0.292
25/05/2013,0.219
24/05/2013,0.219
23/05/2013,0.322
22/05/2013,0.322
21/05/2013,0.326
20/05/2013,0.329
17/05/2013,0.294
16/05/2013,0.324
15/05/2013,0.34
14/05/2013,0.327
13/05/2013,0.329
10/05/2013,0.309
09/05/2013,0.356
08/05/2013,0.358
07/05/2013,0.36
03/05/2013,0.335
02/05/2013,0.343
01/05/2013,0.344
30/04/2013,0.345
29/04/2013,0.356
26/04/2013,0.335
25/04/2013,0.367
24/04/2013,0.369
23/04/2013,0.372
22/04/2013,0.374
19/04/2013,0.356
18/04/2013,0.379
17/04/2013,0.378
16/04/2013,0.379
12/04/2013,0.389
11/04/2013,0.274
10/04/2013,0.292
09/04/2013,0.31
08/04/2013,0.313
05/04/2013,0.255
04/04/2013,0.329
03/04/2013,0.332
02/04/2013,0.334
28/03/2013,0.292
27/03/2013,0.348
26/03/2013,0.349
25/03/2013,0.349
22/03/2013,0.344
21/03/2013,0.356
20/03/2013,0.358
19/03/2013,0.36
18/03/2013,0.363
17/03/2013,0.329
15/03/2013,0.329
14/03/2013,0.35
13/03/2013,0.353
12/03/2013,0.37
11/03/2013,0.345
08/03/2013,0.329
07/03/2013,0.35
06/03/2013,0.351
05/03/2013,0.351
04/03/2013,0.352
01/03/2013,0.309
28/02/2013,0.34
27/02/2013,0.343
26/02/2013,0.356
25/02/2013,0.359
22/02/2013,0.338
21/02/2013,0.361
20/02/2013,0.361
19/02/2013,0.361
18/02/2013,0.348
17/02/2013,0.33
15/02/2013,0.33
14/02/2013,0.339
13/02/2013,0.34
12/02/2013,0.339
11/02/2013,0.334
09/02/2013,0.306
08/02/2013,0.306
07/02/2013,0.336
06/02/2013,0.337
05/02/2013,0.337
04/02/2013,0.315
01/02/2013,0.316
31/01/2013,0.349
30/01/2013,0.35
29/01/2013,0.35
28/01/2013,0.347
25/01/2013,0.326
24/01/2013,0.349
23/01/2013,0.349
22/01/2013,0.349
21/01/2013,0.35
18/01/2013,0.306
17/01/2013,0.33
16/01/2013,0.331
15/01/2013,0.332
14/01/2013,0.333
13/01/2013,0.297
11/01/2013,0.297
10/01/2013,0.326
09/01/2013,0.326
08/01/2013,0.327
07/01/2013,0.337
05/01/2013,0.315
04/01/2013,0.315
03/01/2013,0.329
31/12/2012,0.47
30/12/2012,0.47
29/12/2012,0.47
28/12/2012,0.47
27/12/2012,0.475
24/12/2012,0.471
23/12/2012,0.471
22/12/2012,0.471
21/12/2012,0.471
20/12/2012,0.47
19/12/2012,0.467
18/12/2012,0.466
17/12/2012,0.466
15/12/2012,0.467
14/12/2012,0.467
13/12/2012,0.466
12/12/2012,0.464
11/12/2012,0.462
10/12/2012,0.46
07/12/2012,0.457
06/12/2012,0.455
05/12/2012,0.458
04/12/2012,0.453
03/12/2012,0.448
01/12/2012,0.445
30/11/2012,0.445
29/11/2012,0.448
28/11/2012,0.441
27/11/2012,0.44
26/11/2012,0.438
24/11/2012,0.44
23/11/2012,0.44
22/11/2012,0.44
21/11/2012,0.44
20/11/2012,0.44
19/11/2012,0.439
17/11/2012,0.44
16/11/2012,0.44
15/11/2012,0.443
14/11/2012,0.442
13/11/2012,0.444
12/11/2012,0.445
10/11/2012,0.444
09/11/2012,0.444
08/11/2012,0.445
07/11/2012,0.445
06/11/2012,0.438
05/11/2012,0.442
03/11/2012,0.44
02/11/2012,0.44
01/11/2012,0.437
31/10/2012,0.436
30/10/2012,0.437
29/10/2012,0.437
27/10/2012,0.439
26/10/2012,0.439
25/10/2012,0.437
24/10/2012,0.434
23/10/2012,0.444
22/10/2012,0.455
20/10/2012,0.455
19/10/2012,0.455
18/10/2012,0.453
17/10/2012,0.453
16/10/2012,0.454
15/10/2012,0.459
13/10/2012,0.457
12/10/2012,0.457
11/10/2012,0.464
10/10/2012,0.464
09/10/2012,0.463
08/10/2012,0.466
06/10/2012,0.467
05/10/2012,0.467
04/10/2012,0.467
03/10/2012,0.461
02/10/2012,0.466
01/10/2012,0.468
29/09/2012,0.467
28/09/2012,0.467
27/09/2012,0.47
26/09/2012,0.47
25/09/2012,0.47
24/09/2012,0.47
23/09/2012,0.474
22/09/2012,0.474
21/09/2012,0.474
20/09/2012,0.476
19/09/2012,0.48
18/09/2012,0.486
17/09/2012,0.49
15/09/2012,0.486
14/09/2012,0.486
13/09/2012,0.485
12/09/2012,0.484
11/09/2012,0.478
10/09/2012,0.476
08/09/2012,0.474
07/09/2012,0.474
06/09/2012,0.463
05/09/2012,0.459
04/09/2012,0.455
03/09/2012,0.454
01/09/2012,0.446
31/08/2012,0.446
30/08/2012,0.447
29/08/2012,0.451
28/08/2012,0.454
25/08/2012,0.452
24/08/2012,0.452
23/08/2012,0.452
22/08/2012,0.455
21/08/2012,0.453
20/08/2012,0.449
18/08/2012,0.449
17/08/2012,0.449
16/08/2012,0.449
15/08/2012,0.451
14/08/2012,0.449
13/08/2012,0.451
11/08/2012,0.455
10/08/2012,0.455
09/08/2012,0.457
08/08/2012,0.466
07/08/2012,0.466
06/08/2012,0.468
05/08/2012,0.466
04/08/2012,0.466
03/08/2012,0.466
02/08/2012,0.457
01/08/2012,0.45
31/07/2012,0.454
30/07/2012,0.462
28/07/2012,0.463
27/07/2012,0.463
26/07/2012,0.466
25/07/2012,0.47
24/07/2012,0.471
23/07/2012,0.474
21/07/2012,0.474
20/07/2012,0.474
19/07/2012,0.475
18/07/2012,0.477
17/07/2012,0.48
16/07/2012,0.48
14/07/2012,0.48
13/07/2012,0.48
12/07/2012,0.48
11/07/2012,0.484
10/07/2012,0.49
09/07/2012,0.49
08/07/2012,0.488
07/07/2012,0.488
06/07/2012,0.488
05/07/2012,0.484
04/07/2012,0.483
03/07/2012,0.484
02/07/2012,0.477
01/07/2012,0.479
30/06/2012,0.479
29/06/2012,0.479
28/06/2012,0.48
27/06/2012,0.482
26/06/2012,0.483
25/06/2012,0.483
23/06/2012,0.482
22/06/2012,0.482
21/06/2012,0.483
20/06/2012,0.483
19/06/2012,0.477
18/06/2012,0.475
16/06/2012,0.472
15/06/2012,0.472
14/06/2012,0.482
13/06/2012,0.482
12/06/2012,0.48
11/06/2012,0.478
09/06/2012,0.478
08/06/2012,0.478
07/06/2012,0.475
06/06/2012,0.477
02/06/2012,0.477
01/06/2012,0.477
31/05/2012,0.476
30/05/2012,0.474
29/05/2012,0.471
28/05/2012,0.47
26/05/2012,0.468
25/05/2012,0.468
24/05/2012,0.47
23/05/2012,0.475
22/05/2012,0.48
21/05/2012,0.48
19/05/2012,0.48
18/05/2012,0.48
17/05/2012,0.48
16/05/2012,0.48
15/05/2012,0.478
14/05/2012,0.478
12/05/2012,0.48
11/05/2012,0.48
10/05/2012,0.478
09/05/2012,0.48
08/05/2012,0.48
06/05/2012,0.48
05/05/2012,0.48
04/05/2012,0.48
03/05/2012,0.48
02/05/2012,0.48
01/05/2012,0.478
30/04/2012,0.478
28/04/2012,0.48
27/04/2012,0.48
26/04/2012,0.478
25/04/2012,0.482
24/04/2012,0.485
23/04/2012,0.482
21/04/2012,0.488
20/04/2012,0.488
19/04/2012,0.492
18/04/2012,0.493
17/04/2012,0.49
16/04/2012,0.488
14/04/2012,0.488
13/04/2012,0.488
12/04/2012,0.488
11/04/2012,0.488
10/04/2012,0.49
08/04/2012,0.488
05/04/2012,0.488
04/04/2012,0.485
03/04/2012,0.485
02/04/2012,0.487
31/03/2012,0.487
30/03/2012,0.487
29/03/2012,0.49
28/03/2012,0.492
27/03/2012,0.492
26/03/2012,0.492
24/03/2012,0.492
23/03/2012,0.492
22/03/2012,0.493
21/03/2012,0.497
20/03/2012,0.497
19/03/2012,0.497
17/03/2012,0.497
16/03/2012,0.497
15/03/2012,0.498
14/03/2012,0.498
13/03/2012,0.493
12/03/2012,0.493
10/03/2012,0.49
09/03/2012,0.49
08/03/2012,0.49
07/03/2012,0.49
06/03/2012,0.487
05/03/2012,0.483
03/03/2012,0.48
02/03/2012,0.48
01/03/2012,0.482
29/02/2012,0.483
28/02/2012,0.485
27/02/2012,0.482
25/02/2012,0.483
24/02/2012,0.483
23/02/2012,0.485
22/02/2012,0.485
21/02/2012,0.488
20/02/2012,0.488
19/02/2012,0.488
18/02/2012,0.488
17/02/2012,0.488
16/02/2012,0.487
15/02/2012,0.485
14/02/2012,0.487
13/02/2012,0.487
11/02/2012,0.492
10/02/2012,0.492
09/02/2012,0.488
08/02/2012,0.487
07/02/2012,0.483
06/02/2012,0.478
03/02/2012,0.477
02/02/2012,0.475
01/02/2012,0.477
31/01/2012,0.483
30/01/2012,0.485
27/01/2012,0.483
26/01/2012,0.48
25/01/2012,0.478
24/01/2012,0.478
23/01/2012,0.485
20/01/2012,0.487
19/01/2012,0.487
18/01/2012,0.485
17/01/2012,0.493
16/01/2012,0.497
13/01/2012,0.488
12/01/2012,0.495
11/01/2012,0.493
10/01/2012,0.487
09/01/2012,0.48
06/01/2012,0.48
05/01/2012,0.48
04/01/2012,0.472
03/01/2012,0.473
30/12/2011,0.473
29/12/2011,0.495
28/12/2011,0.495
23/12/2011,0.495
22/12/2011,0.492
21/12/2011,0.5
20/12/2011,0.505
19/12/2011,0.507
16/12/2011,0.505
15/12/2011,0.503
14/12/2011,0.508
13/12/2011,0.508
12/12/2011,0.508
09/12/2011,0.51
08/12/2011,0.508
07/12/2011,0.507
06/12/2011,0.508
05/12/2011,0.505
02/12/2011,0.503
01/12/2011,0.503
30/11/2011,0.502
29/11/2011,0.5
28/11/2011,0.501
25/11/2011,0.503
24/11/2011,0.496
23/11/2011,0.51
22/11/2011,0.517
21/11/2011,0.53
18/11/2011,0.537
17/11/2011,0.535
16/11/2011,0.538
15/11/2011,0.54
14/11/2011,0.54
11/11/2011,0.538
10/11/2011,0.542
09/11/2011,0.537
08/11/2011,0.539
07/11/2011,0.537
04/11/2011,0.538
03/11/2011,0.542
02/11/2011,0.543
01/11/2011,0.545
31/10/2011,0.545
28/10/2011,0.547
27/10/2011,0.548
26/10/2011,0.547
25/10/2011,0.538
24/10/2011,0.538
21/10/2011,0.535
20/10/2011,0.547
19/10/2011,0.545
18/10/2011,0.545
17/10/2011,0.545
14/10/2011,0.547
13/10/2011,0.547
12/10/2011,0.548
11/10/2011,0.548
10/10/2011,0.55
07/10/2011,0.55
06/10/2011,0.55
05/10/2011,0.55
04/10/2011,0.55
03/10/2011,0.55
30/09/2011,0.543
29/09/2011,0.542
28/09/2011,0.543
27/09/2011,0.547
26/09/2011,0.543
23/09/2011,0.547
22/09/2011,0.548
21/09/2011,0.55
20/09/2011,0.55
19/09/2011,0.55
16/09/2011,0.55
15/09/2011,0.55
14/09/2011,0.55
13/09/2011,0.55
12/09/2011,0.55
09/09/2011,0.55
08/09/2011,0.55
07/09/2011,0.55
06/09/2011,0.55
05/09/2011,0.55
02/09/2011,0.548
01/09/2011,0.548
31/08/2011,0.55
30/08/2011,0.548
26/08/2011,0.548
25/08/2011,0.548
24/08/2011,0.548
23/08/2011,0.55
22/08/2011,0.548
19/08/2011,0.548
18/08/2011,0.548
17/08/2011,0.548
16/08/2011,0.55
15/08/2011,0.55
12/08/2011,0.548
11/08/2011,0.548
10/08/2011,0.548
09/08/2011,0.547
08/08/2011,0.548
05/08/2011,0.55
04/08/2011,0.548
03/08/2011,0.55
02/08/2011,0.548
01/08/2011,0.548
29/07/2011,0.547
28/07/2011,0.548
27/07/2011,0.548
26/07/2011,0.548
25/07/2011,0.55
22/07/2011,0.548
21/07/2011,0.552
20/07/2011,0.552
19/07/2011,0.55
18/07/2011,0.55
15/07/2011,0.55
14/07/2011,0.55
13/07/2011,0.55
12/07/2011,0.55
11/07/2011,0.55
08/07/2011,0.55
07/07/2011,0.55
06/07/2011,0.55
05/07/2011,0.55
04/07/2011,0.55
01/07/2011,0.55
30/06/2011,0.55
29/06/2011,0.55
28/06/2011,0.55
27/06/2011,0.548
24/06/2011,0.548
23/06/2011,0.55
22/06/2011,0.55
21/06/2011,0.552
20/06/2011,0.552
17/06/2011,0.552
16/06/2011,0.552
15/06/2011,0.55
14/06/2011,0.552
13/06/2011,0.552
10/06/2011,0.552
09/06/2011,0.555
08/06/2011,0.557
07/06/2011,0.557
06/06/2011,0.555
03/06/2011,0.552
02/06/2011,0.553
01/06/2011,0.557
31/05/2011,0.557
27/05/2011,0.555
26/05/2011,0.555
25/05/2011,0.555
24/05/2011,0.557
23/05/2011,0.557
20/05/2011,0.557
19/05/2011,0.557
18/05/2011,0.558
17/05/2011,0.56
16/05/2011,0.56
13/05/2011,0.558
12/05/2011,0.557
11/05/2011,0.555
10/05/2011,0.557
09/05/2011,0.558
06/05/2011,0.56
05/05/2011,0.563
04/05/2011,0.562
03/05/2011,0.565
28/04/2011,0.563
27/04/2011,0.563
26/04/2011,0.563
21/04/2011,0.568
20/04/2011,0.568
19/04/2011,0.57
18/04/2011,0.567
15/04/2011,0.56
14/04/2011,0.562
13/04/2011,0.565
12/04/2011,0.57
11/04/2011,0.578
08/04/2011,0.579
07/04/2011,0.582
06/04/2011,0.582
05/04/2011,0.581
04/04/2011,0.57
01/04/2011,0.57
31/03/2011,0.568
30/03/2011,0.568
29/03/2011,0.563
28/03/2011,0.565
25/03/2011,0.563
24/03/2011,0.56
23/03/2011,0.563
22/03/2011,0.562
21/03/2011,0.563
18/03/2011,0.565
17/03/2011,0.565
16/03/2011,0.563
15/03/2011,0.557
14/03/2011,0.553
11/03/2011,0.553
10/03/2011,0.567
09/03/2011,0.567
08/03/2011,0.563
07/03/2011,0.563
04/03/2011,0.557
03/03/2011,0.552
02/03/2011,0.55
01/03/2011,0.55
28/02/2011,0.55
25/02/2011,0.548
24/02/2011,0.548
23/02/2011,0.552
22/02/2011,0.553
21/02/2011,0.552
18/02/2011,0.55
17/02/2011,0.548
16/02/2011,0.548
15/02/2011,0.552
14/02/2011,0.555
11/02/2011,0.548
10/02/2011,0.583
09/02/2011,0.598
08/02/2011,0.597
07/02/2011,0.59
04/02/2011,0.57
03/02/2011,0.568
02/02/2011,0.567
01/02/2011,0.562
31/01/2011,0.562
28/01/2011,0.56
27/01/2011,0.562
26/01/2011,0.56
25/01/2011,0.56
24/01/2011,0.578
21/01/2011,0.575
20/01/2011,0.577
19/01/2011,0.58
18/01/2011,0.578
17/01/2011,0.573
14/01/2011,0.575
13/01/2011,0.578
12/01/2011,0.577
11/01/2011,0.572
10/01/2011,0.572
07/01/2011,0.57
06/01/2011,0.57
05/01/2011,0.572
04/01/2011,0.577
31/12/2010,0.593
30/12/2010,0.598
29/12/2010,0.593
24/12/2010,0.593
23/12/2010,0.593
22/12/2010,0.6
21/12/2010,0.6
20/12/2010,0.595
17/12/2010,0.59
16/12/2010,0.588
15/12/2010,0.592
14/12/2010,0.588
13/12/2010,0.587
10/12/2010,0.583
09/12/2010,0.583
08/12/2010,0.58
07/12/2010,0.578
06/12/2010,0.573
03/12/2010,0.573
02/12/2010,0.568
01/12/2010,0.567
30/11/2010,0.562
29/11/2010,0.557
26/11/2010,0.558
25/11/2010,0.557
24/11/2010,0.555
23/11/2010,0.553
22/11/2010,0.552
19/11/2010,0.553
18/11/2010,0.555
17/11/2010,0.555
16/11/2010,0.56
15/11/2010,0.56
12/11/2010,0.56
11/11/2010,0.562
10/11/2010,0.56
09/11/2010,0.56
08/11/2010,0.56
05/11/2010,0.558
04/11/2010,0.56
03/11/2010,0.56
02/11/2010,0.56
01/11/2010,0.56
29/10/2010,0.558
28/10/2010,0.558
27/10/2010,0.555
26/10/2010,0.555
25/10/2010,0.557
22/10/2010,0.558
21/10/2010,0.558
20/10/2010,0.558
19/10/2010,0.557
18/10/2010,0.557
15/10/2010,0.557
14/10/2010,0.562
13/10/2010,0.562
12/10/2010,0.562
11/10/2010,0.558
08/10/2010,0.56
07/10/2010,0.56
06/10/2010,0.56
05/10/2010,0.558
04/10/2010,0.553
01/10/2010,0.552
30/09/2010,0.55
29/09/2010,0.548
28/09/2010,0.547
27/09/2010,0.547
24/09/2010,0.548
23/09/2010,0.548
22/09/2010,0.55
21/09/2010,0.545
20/09/2010,0.543
17/09/2010,0.543
16/09/2010,0.543
15/09/2010,0.543
14/09/2010,0.543
13/09/2010,0.543
10/09/2010,0.545
09/09/2010,0.545
08/09/2010,0.543
07/09/2010,0.542
06/09/2010,0.538
03/09/2010,0.538
02/09/2010,0.538
01/09/2010,0.54
31/08/2010,0.54
27/08/2010,0.54
26/08/2010,0.537
25/08/2010,0.538
24/08/2010,0.54
23/08/2010,0.54
20/08/2010,0.54
19/08/2010,0.54
18/08/2010,0.54
17/08/2010,0.54
16/08/2010,0.535
13/08/2010,0.535
12/08/2010,0.538
11/08/2010,0.535
10/08/2010,0.538
09/08/2010,0.54
06/08/2010,0.538
05/08/2010,0.537
04/08/2010,0.538
03/08/2010,0.538
02/08/2010,0.54
30/07/2010,0.54
29/07/2010,0.54
28/07/2010,0.543
27/07/2010,0.542
26/07/2010,0.545
23/07/2010,0.54
22/07/2010,0.542
21/07/2010,0.547
20/07/2010,0.547
19/07/2010,0.547
16/07/2010,0.548
15/07/2010,0.55
14/07/2010,0.55
13/07/2010,0.55
12/07/2010,0.55
09/07/2010,0.548
08/07/2010,0.545
07/07/2010,0.55
06/07/2010,0.545
05/07/2010,0.54
02/07/2010,0.541
01/07/2010,0.536
30/06/2010,0.534
29/06/2010,0.527
28/06/2010,0.525
25/06/2010,0.52
24/06/2010,0.52
23/06/2010,0.52
22/06/2010,0.52
21/06/2010,0.52
18/06/2010,0.52
17/06/2010,0.52
16/06/2010,0.52
15/06/2010,0.52
14/06/2010,0.52
11/06/2010,0.52
10/06/2010,0.52
09/06/2010,0.52
08/06/2010,0.52
07/06/2010,0.52
04/06/2010,0.52
03/06/2010,0.52
02/06/2010,0.52
01/06/2010,0.522
28/05/2010,0.52
27/05/2010,0.52
26/05/2010,0.52
25/05/2010,0.52
24/05/2010,0.52
21/05/2010,0.52
20/05/2010,0.52
19/05/2010,0.52
18/05/2010,0.52
17/05/2010,0.52
14/05/2010,0.52
13/05/2010,0.52
12/05/2010,0.522
11/05/2010,0.52
10/05/2010,0.52
07/05/2010,0.522
06/05/2010,0.52
05/05/2010,0.52
04/05/2010,0.52
30/04/2010,0.52
29/04/2010,0.52
28/04/2010,0.523
27/04/2010,0.522
26/04/2010,0.523
23/04/2010,0.527
22/04/2010,0.528
21/04/2010,0.528
20/04/2010,0.527
19/04/2010,0.525
16/04/2010,0.523
15/04/2010,0.523
14/04/2010,0.525
13/04/2010,0.522
12/04/2010,0.52
09/04/2010,0.523
08/04/2010,0.522
07/04/2010,0.52
06/04/2010,0.523
01/04/2010,0.527
31/03/2010,0.525
30/03/2010,0.527
29/03/2010,0.525
26/03/2010,0.525
25/03/2010,0.525
24/03/2010,0.528
23/03/2010,0.527
22/03/2010,0.527
19/03/2010,0.528
18/03/2010,0.528
17/03/2010,0.528
16/03/2010,0.525
15/03/2010,0.527
12/03/2010,0.522
11/03/2010,0.523
10/03/2010,0.523
09/03/2010,0.522
08/03/2010,0.52
05/03/2010,0.52
04/03/2010,0.52
03/03/2010,0.52
02/03/2010,0.52
01/03/2010,0.52
26/02/2010,0.518
25/02/2010,0.518
24/02/2010,0.52
23/02/2010,0.522
22/02/2010,0.523
19/02/2010,0.522
18/02/2010,0.522
17/02/2010,0.52
16/02/2010,0.52
15/02/2010,0.522
12/02/2010,0.52
11/02/2010,0.522
10/02/2010,0.52
09/02/2010,0.517
08/02/2010,0.512
05/02/2010,0.505
04/02/2010,0.503
03/02/2010,0.503
02/02/2010,0.507
01/02/2010,0.51
29/01/2010,0.512
28/01/2010,0.512
27/01/2010,0.512
26/01/2010,0.517
25/01/2010,0.513
22/01/2010,0.512
21/01/2010,0.513
20/01/2010,0.515
19/01/2010,0.515
18/01/2010,0.515
15/01/2010,0.512
14/01/2010,0.513
13/01/2010,0.513
12/01/2010,0.513
11/01/2010,0.51
08/01/2010,0.507
07/01/2010,0.507
06/01/2010,0.51
05/01/2010,0.505
04/01/2010,0.5
31/12/2009,0.5
30/12/2009,0.5
29/12/2009,0.5
24/12/2009,0.502
23/12/2009,0.502
22/12/2009,0.493
21/12/2009,0.49
18/12/2009,0.487
17/12/2009,0.488
16/12/2009,0.492
15/12/2009,0.485
14/12/2009,0.482
11/12/2009,0.482
10/12/2009,0.485
09/12/2009,0.482
08/12/2009,0.48
07/12/2009,0.48
04/12/2009,0.478
03/12/2009,0.482
02/12/2009,0.478
01/12/2009,0.472
30/11/2009,0.475
27/11/2009,0.483
26/11/2009,0.477
25/11/2009,0.478
24/11/2009,0.48
23/11/2009,0.482
20/11/2009,0.477
19/11/2009,0.475
18/11/2009,0.47
17/11/2009,0.473
16/11/2009,0.472
13/11/2009,0.472
12/11/2009,0.473
11/11/2009,0.473
10/11/2009,0.473
09/11/2009,0.473
06/11/2009,0.472
05/11/2009,0.463
04/11/2009,0.465
03/11/2009,0.465
02/11/2009,0.465
30/10/2009,0.465
29/10/2009,0.463
28/10/2009,0.463
27/10/2009,0.468
26/10/2009,0.477
23/10/2009,0.48
22/10/2009,0.485
21/10/2009,0.487
20/10/2009,0.49
19/10/2009,0.485
16/10/2009,0.48
15/10/2009,0.48
14/10/2009,0.477
13/10/2009,0.473
12/10/2009,0.473
09/10/2009,0.478
08/10/2009,0.478
07/10/2009,0.478
06/10/2009,0.477
05/10/2009,0.478
02/10/2009,0.473
01/10/2009,0.472
30/09/2009,0.472
29/09/2009,0.46
28/09/2009,0.458
25/09/2009,0.458
24/09/2009,0.452
23/09/2009,0.457
22/09/2009,0.45
21/09/2009,0.448
18/09/2009,0.447
17/09/2009,0.448
16/09/2009,0.452
15/09/2009,0.453
14/09/2009,0.45
11/09/2009,0.45
10/09/2009,0.445
09/09/2009,0.445
08/09/2009,0.447
07/09/2009,0.447
04/09/2009,0.445
03/09/2009,0.45
02/09/2009,0.45
01/09/2009,0.45
28/08/2009,0.45
27/08/2009,0.45
26/08/2009,0.45
25/08/2009,0.453
24/08/2009,0.457
21/08/2009,0.457
20/08/2009,0.46
19/08/2009,0.468
18/08/2009,0.473
17/08/2009,0.473
14/08/2009,0.468
13/08/2009,0.478
12/08/2009,0.505
11/08/2009,0.502
10/08/2009,0.502
07/08/2009,0.505
06/08/2009,0.453
05/08/2009,0.462
04/08/2009,0.455
03/08/2009,0.45
31/07/2009,0.448
30/07/2009,0.45
29/07/2009,0.453
28/07/2009,0.47
27/07/2009,0.473
24/07/2009,0.472
23/07/2009,0.472
22/07/2009,0.47
21/07/2009,0.467
20/07/2009,0.45
17/07/2009,0.45
16/07/2009,0.457
15/07/2009,0.457
14/07/2009,0.47
13/07/2009,0.477
10/07/2009,0.48
09/07/2009,0.488
08/07/2009,0.485
07/07/2009,0.5
06/07/2009,0.495
03/07/2009,0.498
02/07/2009,0.508
01/07/2009,0.52
30/06/2009,0.538
29/06/2009,0.533
26/06/2009,0.527
25/06/2009,0.533
24/06/2009,0.535
23/06/2009,0.545
22/06/2009,0.548
19/06/2009,0.55
18/06/2009,0.55
17/06/2009,0.55
16/06/2009,0.55
15/06/2009,0.55
12/06/2009,0.55
11/06/2009,0.55
10/06/2009,0.55
09/06/2009,0.55
08/06/2009,0.548
05/06/2009,0.55
04/06/2009,0.55
03/06/2009,0.55
02/06/2009,0.548
01/06/2009,0.55
29/05/2009,0.55
28/05/2009,0.55
27/05/2009,0.552
26/05/2009,0.553
22/05/2009,0.553
21/05/2009,0.552
20/05/2009,0.55
19/05/2009,0.552
18/05/2009,0.552
15/05/2009,0.552
14/05/2009,0.553
13/05/2009,0.553
12/05/2009,0.557
11/05/2009,0.552
08/05/2009,0.55
07/05/2009,0.553
06/05/2009,0.553
05/05/2009,0.552
01/05/2009,0.552
30/04/2009,0.55
29/04/2009,0.562
28/04/2009,0.567
27/04/2009,0.562
24/04/2009,0.57
23/04/2009,0.57
22/04/2009,0.595
21/04/2009,0.6
20/04/2009,0.608
17/04/2009,0.602
16/04/2009,0.6
15/04/2009,0.603
14/04/2009,0.618
09/04/2009,0.645
08/04/2009,0.638
07/04/2009,0.647
06/04/2009,0.657
03/04/2009,0.647
02/04/2009,0.647
01/04/2009,0.652
31/03/2009,0.678
30/03/2009,0.673
27/03/2009,0.673
26/03/2009,0.672
25/03/2009,0.662
24/03/2009,0.662
23/03/2009,0.652
20/03/2009,0.647
19/03/2009,0.653
18/03/2009,0.635
17/03/2009,0.65
16/03/2009,0.65
13/03/2009,0.645
12/03/2009,0.65
11/03/2009,0.7
10/03/2009,0.703
09/03/2009,0.675
06/03/2009,0.615
05/03/2009,0.597
04/03/2009,0.6
03/03/2009,0.617
02/03/2009,0.652
27/02/2009,0.765
26/02/2009,0.788
25/02/2009,0.807
24/02/2009,0.808
23/02/2009,0.857
20/02/2009,0.862
19/02/2009,0.898
18/02/2009,0.905
17/02/2009,0.907
16/02/2009,0.912
13/02/2009,0.9
12/02/2009,0.9
11/02/2009,0.895
10/02/2009,0.945
09/02/2009,0.953
06/02/2009,0.967
05/02/2009,1.047
04/02/2009,1.033
03/02/2009,1.08
02/02/2009,1.123
30/01/2009,1.153
29/01/2009,1.168
28/01/2009,1.155
27/01/2009,1.152
26/01/2009,1.173
23/01/2009,1.2
22/01/2009,1.238
21/01/2009,1.238
20/01/2009,1.297
19/01/2009,1.312
16/01/2009,1.303
15/01/2009,1.323
14/01/2009,1.313
13/01/2009,1.325
12/01/2009,1.343
09/01/2009,1.283
08/01/2009,1.255
07/01/2009,1.322
06/01/2009,1.398
05/01/2009,1.445
02/01/2009,1.502
31/12/2008,1.593
30/12/2008,1.607
29/12/2008,1.645
24/12/2008,1.68
23/12/2008,1.692
22/12/2008,1.725
19/12/2008,1.762
18/12/2008,1.76
17/12/2008,1.777
16/12/2008,1.87
15/12/2008,1.867
12/12/2008,1.832
11/12/2008,1.83
10/12/2008,1.818
09/12/2008,1.792
08/12/2008,1.85
05/12/2008,1.857
04/12/2008,1.697
03/12/2008,1.842
02/12/2008,1.985
01/12/2008,2.053
28/11/2008,2.132
27/11/2008,2.173
26/11/2008,2.122
25/11/2008,2.12
24/11/2008,2.175
21/11/2008,2.252
20/11/2008,2.275
19/11/2008,2.347
18/11/2008,2.397
17/11/2008,2.46
14/11/2008,2.497
13/11/2008,2.56
12/11/2008,2.725
11/11/2008,2.77
10/11/2008,2.8
07/11/2008,2.82
06/11/2008,3.598
05/11/2008,3.7
04/11/2008,3.832
03/11/2008,3.873
31/10/2008,3.942
30/10/2008,3.99
29/10/2008,4.008
28/10/2008,4.03
27/10/2008,4.035
24/10/2008,4.058
23/10/2008,4.117
22/10/2008,4.123
21/10/2008,4.253
20/10/2008,4.355
17/10/2008,4.433
16/10/2008,4.497
15/10/2008,4.528
14/10/2008,4.575
13/10/2008,4.637
10/10/2008,4.573
09/10/2008,4.458
08/10/2008,4.588
07/10/2008,4.653
06/10/2008,4.688
03/10/2008,4.725
02/10/2008,4.812
01/10/2008,4.8
30/09/2008,4.857
29/09/2008,4.953
26/09/2008,4.965
25/09/2008,4.933
24/09/2008,4.923
23/09/2008,4.938
22/09/2008,4.995
19/09/2008,5.022
18/09/2008,5.077
17/09/2008,5.227
16/09/2008,5.247
15/09/2008,5.18
12/09/2008,5.088
11/09/2008,5.088
10/09/2008,5.098
09/09/2008,5.1
08/09/2008,5.1
05/09/2008,5.097
04/09/2008,5.097
03/09/2008,5.092
02/09/2008,5.09
01/09/2008,5.097
29/08/2008,5.112
28/08/2008,5.12
27/08/2008,5.12
26/08/2008,5.123
22/08/2008,5.138
21/08/2008,5.143
20/08/2008,5.145
19/08/2008,5.148
18/08/2008,5.148
15/08/2008,5.147
14/08/2008,5.135
13/08/2008,5.143
12/08/2008,5.158
11/08/2008,5.157
08/08/2008,5.158
07/08/2008,5.18
06/08/2008,5.195
05/08/2008,5.187
04/08/2008,5.187
01/08/2008,5.175
31/07/2008,5.162
30/07/2008,5.16
29/07/2008,5.157
28/07/2008,5.153
25/07/2008,5.145
24/07/2008,5.14
23/07/2008,5.153
22/07/2008,5.153
21/07/2008,5.162
18/07/2008,5.163
17/07/2008,5.165
16/07/2008,5.168
15/07/2008,5.172
14/07/2008,5.185
11/07/2008,5.185
10/07/2008,5.168
09/07/2008,5.178
08/07/2008,5.182
07/07/2008,5.15
04/07/2008,5.148
03/07/2008,5.152
02/07/2008,5.155
01/07/2008,5.16
30/06/2008,5.168
27/06/2008,5.157
26/06/2008,5.173
25/06/2008,5.173
24/06/2008,5.188
23/06/2008,5.188
20/06/2008,5.202
19/06/2008,5.185
18/06/2008,5.163
17/06/2008,5.153
16/06/2008,5.157
13/06/2008,5.148
12/06/2008,5.148
11/06/2008,5.127
10/06/2008,5.125
09/06/2008,5.112
06/06/2008,5.098
05/06/2008,5.105
04/06/2008,5.093
03/06/2008,5.097
02/06/2008,5.097
30/05/2008,5.098
29/05/2008,5.093
28/05/2008,5.092
27/05/2008,5.09
23/05/2008,5.088
22/05/2008,5.085
21/05/2008,5.083
20/05/2008,5.085
19/05/2008,5.083
16/05/2008,5.082
15/05/2008,5.077
14/05/2008,5.058
13/05/2008,5.052
12/05/2008,5.047
09/05/2008,5.035
08/05/2008,4.992
07/05/2008,4.998
06/05/2008,5.035
02/05/2008,5.04
01/05/2008,5.037
30/04/2008,5.043
29/04/2008,5.033
28/04/2008,5.018
25/04/2008,5.012
24/04/2008,5.01
23/04/2008,5.013
22/04/2008,5.005
21/04/2008,5.002
18/04/2008,4.997
17/04/2008,4.99
16/04/2008,4.992
15/04/2008,4.992
14/04/2008,5.013
11/04/2008,5.028
10/04/2008,5.028
09/04/2008,5.082
08/04/2008,5.105
07/04/2008,5.128
04/04/2008,5.148
03/04/2008,5.148
02/04/2008,5.16
01/04/2008,5.16
31/03/2008,5.177
28/03/2008,5.225
27/03/2008,5.242
26/03/2008,5.235
25/03/2008,5.242
20/03/2008,5.248
19/03/2008,5.277
18/03/2008,5.283
17/03/2008,5.273
14/03/2008,5.272
13/03/2008,5.282
12/03/2008,5.272
11/03/2008,5.258
10/03/2008,5.255
07/03/2008,5.253
06/03/2008,5.25
05/03/2008,5.243
04/03/2008,5.243
03/03/2008,5.247
29/02/2008,5.248
28/02/2008,5.248
27/02/2008,5.258
26/02/2008,5.258
25/02/2008,5.255
22/02/2008,5.255
21/02/2008,5.258
20/02/2008,5.257
19/02/2008,5.258
18/02/2008,5.262
15/02/2008,5.265
14/02/2008,5.262
13/02/2008,5.257
12/02/2008,5.248
11/02/2008,5.252
08/02/2008,5.247
07/02/2008,5.272
06/02/2008,5.273
05/02/2008,5.278
04/02/2008,5.29
01/02/2008,5.305
31/01/2008,5.328
30/01/2008,5.338
29/01/2008,5.34
28/01/2008,5.362
25/01/2008,5.365
24/01/2008,5.348
23/01/2008,5.358
22/01/2008,5.412
21/01/2008,5.442
18/01/2008,5.448
17/01/2008,5.453
16/01/2008,5.478
15/01/2008,5.485
14/01/2008,5.508
11/01/2008,5.383
10/01/2008,5.397
09/01/2008,5.435
08/01/2008,5.453
07/01/2008,5.473
04/01/2008,5.453
03/01/2008,5.492
02/01/2008,5.503
31/12/2007,5.51
28/12/2007,5.507
27/12/2007,5.538
24/12/2007,5.533
21/12/2007,5.547
20/12/2007,5.55
19/12/2007,5.573
18/12/2007,5.578
17/12/2007,5.578
14/12/2007,5.593
13/12/2007,5.607
12/12/2007,5.602
11/12/2007,5.612
10/12/2007,5.6
07/12/2007,5.618
06/12/2007,5.635
05/12/2007,5.68
04/12/2007,5.683
03/12/2007,5.698
30/11/2007,5.693
29/11/2007,5.693
28/11/2007,5.692
27/11/2007,5.697
26/11/2007,5.708
23/11/2007,5.713
22/11/2007,5.723
21/11/2007,5.73
20/11/2007,5.727
19/11/2007,5.733
16/11/2007,5.727
15/11/2007,5.738
14/11/2007,5.735
13/11/2007,5.738
12/11/2007,5.735
09/11/2007,5.698
08/11/2007,5.705
07/11/2007,5.717
06/11/2007,5.723
05/11/2007,5.742
02/11/2007,5.747
01/11/2007,5.738
31/10/2007,5.737
30/10/2007,5.723
29/10/2007,5.725
26/10/2007,5.727
25/10/2007,5.732
24/10/2007,5.743
23/10/2007,5.747
22/10/2007,5.752
19/10/2007,5.758
18/10/2007,5.777
17/10/2007,5.785
16/10/2007,5.792
15/10/2007,5.787
12/10/2007,5.788
11/10/2007,5.79
10/10/2007,5.783
09/10/2007,5.772
08/10/2007,5.765
05/10/2007,5.738
04/10/2007,5.73
03/10/2007,5.718
02/10/2007,5.712
01/10/2007,5.757
28/09/2007,5.772
27/09/2007,5.762
26/09/2007,5.772
25/09/2007,5.792
24/09/2007,5.792
21/09/2007,5.81
20/09/2007,5.858
19/09/2007,5.883
18/09/2007,5.867
17/09/2007,5.848
14/09/2007,5.848
13/09/2007,5.853
12/09/2007,5.855
11/09/2007,5.858
10/09/2007,5.857
07/09/2007,5.872
06/09/2007,5.937
05/09/2007,5.967
04/09/2007,5.958
03/09/2007,5.92
31/08/2007,5.895
30/08/2007,5.852
29/08/2007,5.848
28/08/2007,5.853
24/08/2007,5.853
23/08/2007,5.868
22/08/2007,5.902
21/08/2007,5.913
20/08/2007,5.943
17/08/2007,5.9
16/08/2007,5.938
15/08/2007,5.953
14/08/2007,5.995
13/08/2007,5.927
10/08/2007,5.893
09/08/2007,5.8
08/08/2007,5.8
07/08/2007,5.792
06/08/2007,5.782
03/08/2007,5.787
02/08/2007,5.788
01/08/2007,5.795
31/07/2007,5.793
30/07/2007,5.797
27/07/2007,5.8
26/07/2007,5.8
25/07/2007,5.798
24/07/2007,5.797
23/07/2007,5.8
20/07/2007,5.8
19/07/2007,5.813
18/07/2007,5.815
17/07/2007,5.803
16/07/2007,5.797
13/07/2007,5.802
12/07/2007,5.8
11/07/2007,5.8
10/07/2007,5.8
09/07/2007,5.797
06/07/2007,5.773
05/07/2007,5.772
04/07/2007,5.79
03/07/2007,5.798
02/07/2007,5.798
29/06/2007,5.703
28/06/2007,5.675
27/06/2007,5.67
26/06/2007,5.663
25/06/2007,5.657
22/06/2007,5.65
21/06/2007,5.603
20/06/2007,5.568
19/06/2007,5.572
18/06/2007,5.568
15/06/2007,5.563
14/06/2007,5.573
13/06/2007,5.573
12/06/2007,5.563
11/06/2007,5.563
08/06/2007,5.592
07/06/2007,5.575
06/06/2007,5.567
05/06/2007,5.565
04/06/2007,5.558
01/06/2007,5.553
31/05/2007,5.558
30/05/2007,5.553
29/05/2007,5.553
25/05/2007,5.552
24/05/2007,5.55
23/05/2007,5.545
22/05/2007,5.538
21/05/2007,5.535
18/05/2007,5.542
17/05/2007,5.533
16/05/2007,5.538
15/05/2007,5.54
14/05/2007,5.532
11/05/2007,5.548
10/05/2007,5.553
09/05/2007,5.547
08/05/2007,5.513
04/05/2007,5.482
03/05/2007,5.473
02/05/2007,5.448
01/05/2007,5.44
30/04/2007,5.428
27/04/2007,5.41
26/04/2007,5.383
25/04/2007,5.362
24/04/2007,5.36
23/04/2007,5.355
20/04/2007,5.353
19/04/2007,5.348
18/04/2007,5.332
17/04/2007,5.315
16/04/2007,5.305
13/04/2007,5.303
12/04/2007,5.3
11/04/2007,5.298
10/04/2007,5.375
05/04/2007,5.388
04/04/2007,5.392
03/04/2007,5.375
02/04/2007,5.355
30/03/2007,5.343
29/03/2007,5.343
28/03/2007,5.337
27/03/2007,5.335
26/03/2007,5.333
23/03/2007,5.323
22/03/2007,5.313
21/03/2007,5.322
20/03/2007,5.307
19/03/2007,5.305
16/03/2007,5.303
15/03/2007,5.298
14/03/2007,5.302
13/03/2007,5.305
12/03/2007,5.302
09/03/2007,5.322
08/03/2007,5.317
07/03/2007,5.312
06/03/2007,5.305
05/03/2007,5.307
02/03/2007,5.295
01/03/2007,5.295
28/02/2007,5.307
27/02/2007,5.302
26/02/2007,5.295
23/02/2007,5.293
22/02/2007,5.297
21/02/2007,5.303
20/02/2007,5.297
19/02/2007,5.297
16/02/2007,5.3
15/02/2007,5.298
14/02/2007,5.298
13/02/2007,5.298
12/02/2007,5.278
09/02/2007,5.338
08/02/2007,5.342
07/02/2007,5.357
06/02/2007,5.343
05/02/2007,5.337
02/02/2007,5.31
01/02/2007,5.31
31/01/2007,5.315
30/01/2007,5.32
29/01/2007,5.317
26/01/2007,5.318
25/01/2007,5.317
24/01/2007,5.353
19/01/2007,5.353
31/08/2006,4.8
21/08/2006,4.818
21/07/2006,4.484
20/07/2006,4.544
16/06/2006,4.544
30/05/2006,4.541
26/05/2006,4.544
03/05/2006,4.545
25/04/2006,4.495
14/03/2006,4.495
06/03/2006,4.495
20/01/2006,4.493
19/01/2006,4.494
18/01/2006,4.494
12/01/2006,4.494
20/12/2005,4.495
29/11/2005,4.496
21/11/2005,4.495
03/11/2005,4.494
31/10/2005,4.495
10/10/2005,4.512
04/10/2005,4.439
03/10/2005,4.468
30/09/2005,4.459
29/09/2005,4.534
28/09/2005,4.54
27/09/2005,4.515
26/09/2005,4.551
19/09/2005,4.516
06/07/2005,4.756
29/06/2005,4.756
27/06/2005,4.757
15/06/2005,4.816
14/06/2005,4.817
03/06/2005,4.815
02/06/2005,4.816
24/05/2005,4.817
16/05/2005,4.798
04/05/2005,4.767
27/04/2005,4.817
26/04/2005,4.817
18/04/2005,4.777
14/04/2005,4.787
12/04/2005,4.787
07/04/2005,4.776
21/03/2005,4.818
11/03/2005,4.816
10/03/2005,4.816
03/03/2005,4.807
02/03/2005,4.818
01/03/2005,4.798
28/02/2005,4.798
25/02/2005,4.776
24/02/2005,4.776
21/02/2005,4.763
18/02/2005,4.757
15/02/2005,4.757
11/02/2005,4.765
09/02/2005,4.766
07/02/2005,4.745
04/02/2005,4.76
26/01/2005,4.756
17/01/2005,4.747
10/01/2005,4.747
07/01/2005,4.765
06/01/2005,4.747
04/01/2005,4.768
17/12/2004,4.745
16/12/2004,4.756
15/12/2004,4.756
09/12/2004,4.766
24/11/2004,4.747
22/11/2004,4.747
18/11/2004,4.745
15/11/2004,4.755
11/11/2004,4.755
05/11/2004,4.747
01/11/2004,4.747
29/10/2004,4.745
20/10/2004,4.757
18/10/2004,4.757
13/10/2004,4.757
11/10/2004,4.757
07/10/2004,4.747
04/10/2004,4.747
01/10/2004,4.745
30/09/2004,4.756
29/09/2004,4.747
28/09/2004,4.747
27/09/2004,4.743
22/09/2004,4.746
21/09/2004,4.747
20/09/2004,4.747
17/09/2004,4.745
16/09/2004,4.745
14/09/2004,4.747
07/09/2004,4.747
06/09/2004,4.747
31/08/2004,4.747
26/08/2004,4.74
25/08/2004,4.746
24/08/2004,4.747
23/08/2004,4.743
16/08/2004,4.75
13/08/2004,4.76
12/08/2004,4.786
11/08/2004,4.75
10/08/2004,4.747
09/08/2004,4.747
06/08/2004,4.74
05/08/2004,4.73
04/08/2004,4.72
03/08/2004,4.71
02/08/2004,4.677
30/07/2004,4.674
29/07/2004,4.675
28/07/2004,4.655
27/07/2004,4.63
26/07/2004,4.63
23/07/2004,4.6
22/07/2004,4.58
21/07/2004,4.59
20/07/2004,4.545
19/07/2004,4.526
13/07/2004,4.535
12/07/2004,4.542
09/07/2004,4.544
08/07/2004,4.544
07/07/2004,4.545
06/07/2004,4.545
05/07/2004,4.546
01/07/2004,4.53
29/06/2004,4.545
28/06/2004,4.53
25/06/2004,4.544
24/06/2004,4.544
23/06/2004,4.545
22/06/2004,4.545
21/06/2004,4.546
17/06/2004,4.544
15/06/2004,4.53
14/06/2004,4.526
11/06/2004,4.52
10/06/2004,4.51
09/06/2004,4.44
08/06/2004,4.44
07/06/2004,4.425
03/06/2004,4.44
02/06/2004,4.44
01/06/2004,4.45
28/05/2004,4.453
27/05/2004,4.454
26/05/2004,4.454
25/05/2004,4.44
24/05/2004,4.385
19/05/2004,4.37
18/05/2004,4.334
17/05/2004,4.324
13/05/2004,4.32
12/05/2004,4.333
11/05/2004,4.324
10/05/2004,4.31
07/05/2004,4.3
06/05/2004,4.27
04/05/2004,4.244
30/04/2004,4.22
29/04/2004,4.18
28/04/2004,4.162
27/04/2004,4.18
26/04/2004,4.18
23/04/2004,4.13
22/04/2004,4.122
21/04/2004,4.1
19/04/2004,4.14
16/04/2004,4.13
14/04/2004,4.102
13/04/2004,4.14
08/04/2004,4.13
06/04/2004,4.173
05/04/2004,4.194
02/04/2004,4.16
01/04/2004,4.172
31/03/2004,4.172
29/03/2004,4.16
25/03/2004,4.14
24/03/2004,4.07
23/03/2004,4.052
22/03/2004,4.063
17/03/2004,4.092
15/03/2004,4.043
12/03/2004,4.05
11/03/2004,4.091
10/03/2004,4.06
09/03/2004,4.092
05/03/2004,4.07
01/03/2004,4.083
23/02/2004,4.04
17/02/2004,4.032
16/02/2004,4.012
13/02/2004,4.031
10/02/2004,4.012
09/02/2004,4.012
06/02/2004,4
04/02/2004,3.98
03/02/2004,3.962
02/02/2004,3.94
30/01/2004,3.94
29/01/2004,3.9
28/01/2004,3.891
27/01/2004,3.891
26/01/2004,3.88
23/01/2004,3.86
21/01/2004,3.82
20/01/2004,3.82
19/01/2004,3.82
14/01/2004,3.83
13/01/2004,3.801
12/01/2004,3.83
09/01/2004,3.83
06/01/2004,3.83
05/01/2004,3.83
02/01/2004,3.827
29/12/2003,3.86
22/12/2003,3.83
19/12/2003,3.82
16/12/2003,3.8
15/12/2003,3.81
11/12/2003,3.77
10/12/2003,3.77
08/12/2003,3.771
05/12/2003,3.77
04/12/2003,3.802
03/12/2003,3.802
02/12/2003,3.74
28/11/2003,3.75
27/11/2003,3.75
26/11/2003,3.802
25/11/2003,3.75
24/11/2003,3.75
21/11/2003,3.74
20/11/2003,3.75
19/11/2003,3.74
18/11/2003,3.75
17/11/2003,3.74
14/11/2003,3.75
13/11/2003,3.776
12/11/2003,3.74
11/11/2003,3.732
10/11/2003,3.776
07/11/2003,3.72
06/11/2003,3.74
05/11/2003,3.74
04/11/2003,3.73
03/11/2003,3.72
31/10/2003,3.7
30/10/2003,3.69
29/10/2003,3.67
28/10/2003,3.65
27/10/2003,3.66
24/10/2003,3.63
23/10/2003,3.61
22/10/2003,3.6
21/10/2003,3.55
20/10/2003,3.55
17/10/2003,3.593
16/10/2003,3.594
15/10/2003,3.56
14/10/2003,3.594
13/10/2003,3.54
10/10/2003,3.55
09/10/2003,3.56
08/10/2003,3.58
07/10/2003,3.59
06/10/2003,3.58
03/10/2003,3.608
02/10/2003,3.609
01/10/2003,3.6
30/09/2003,3.624
29/09/2003,3.6
26/09/2003,3.58
25/09/2003,3.58
24/09/2003,3.57
23/09/2003,3.56
22/09/2003,3.57
19/09/2003,3.56
18/09/2003,3.607
17/09/2003,3.57
16/09/2003,3.56
15/09/2003,3.58
12/09/2003,3.606
11/09/2003,3.607
10/09/2003,3.607
09/09/2003,3.607
08/09/2003,3.56
05/09/2003,3.591
04/09/2003,3.591
03/09/2003,3.591
02/09/2003,3.55
01/09/2003,3.56
29/08/2003,3.52
28/08/2003,3.48
27/08/2003,3.48
26/08/2003,3.48
22/08/2003,3.45
21/08/2003,3.38
20/08/2003,3.35
19/08/2003,3.378
18/08/2003,3.39
15/08/2003,3.426
14/08/2003,3.368
13/08/2003,3.36
12/08/2003,3.38
11/08/2003,3.36
08/08/2003,3.38
07/08/2003,3.34
06/08/2003,3.371
05/08/2003,3.371
04/08/2003,3.35
01/08/2003,3.37
31/07/2003,3.35
30/07/2003,3.33
29/07/2003,3.34
28/07/2003,3.391
25/07/2003,3.35
24/07/2003,3.34
23/07/2003,3.268
22/07/2003,3.32
21/07/2003,3.32
18/07/2003,3.34
17/07/2003,3.37
16/07/2003,3.37
15/07/2003,3.36
14/07/2003,3.38
11/07/2003,3.37
10/07/2003,3.6
09/07/2003,3.59
08/07/2003,3.6
07/07/2003,3.6
04/07/2003,3.639
02/07/2003,3.61
01/07/2003,3.639
30/06/2003,3.6
27/06/2003,3.608
26/06/2003,3.58
25/06/2003,3.61
24/06/2003,3.59
23/06/2003,3.609
20/06/2003,3.608
19/06/2003,3.57
18/06/2003,3.609
17/06/2003,3.58
16/06/2003,3.56
13/06/2003,3.63
12/06/2003,3.59
11/06/2003,3.61
10/06/2003,3.629
09/06/2003,3.61
06/06/2003,3.63
05/06/2003,3.629
04/06/2003,3.629
03/06/2003,3.58
02/06/2003,3.59
30/05/2003,3.629
29/05/2003,3.61
28/05/2003,3.619
27/05/2003,3.61
23/05/2003,3.618
22/05/2003,3.629
21/05/2003,3.629
20/05/2003,3.629
16/05/2003,3.649
15/05/2003,3.61
14/05/2003,3.65
13/05/2003,3.61
12/05/2003,3.65
09/05/2003,3.63
08/05/2003,3.58
07/05/2003,3.53
06/05/2003,3.52
02/05/2003,3.53
01/05/2003,3.59
30/04/2003,3.6
29/04/2003,3.619
28/04/2003,3.57
25/04/2003,3.578
24/04/2003,3.579
23/04/2003,3.59
22/04/2003,3.53
17/04/2003,3.61
16/04/2003,3.62
15/04/2003,3.63
14/04/2003,3.65
11/04/2003,3.63
10/04/2003,3.599
09/04/2003,3.58
08/04/2003,3.599
07/04/2003,3.599
04/04/2003,3.598
03/04/2003,3.599
02/04/2003,3.599
01/04/2003,3.599
31/03/2003,3.599
28/03/2003,3.598
27/03/2003,3.599
26/03/2003,3.599
25/03/2003,3.6
24/03/2003,3.59
21/03/2003,3.59
20/03/2003,3.6
19/03/2003,3.62
18/03/2003,3.64
17/03/2003,3.61
14/03/2003,3.629
13/03/2003,3.62
12/03/2003,3.68
11/03/2003,3.68
10/03/2003,3.68
07/03/2003,3.66
06/03/2003,3.63
05/03/2003,3.67
04/03/2003,3.63
03/03/2003,3.62
28/02/2003,3.669
27/02/2003,3.65
26/02/2003,3.66
25/02/2003,3.63
24/02/2003,3.64
21/02/2003,3.66
20/02/2003,3.66
19/02/2003,3.63
18/02/2003,3.63
17/02/2003,3.66
14/02/2003,3.669
13/02/2003,3.69
12/02/2003,3.7
11/02/2003,3.69
10/02/2003,3.7
07/02/2003,3.66
06/02/2003,3.7
05/02/2003,3.87
04/02/2003,3.88
03/02/2003,3.9
31/01/2003,3.89
30/01/2003,3.89
29/01/2003,3.893
28/01/2003,3.87
27/01/2003,3.87
24/01/2003,3.86
23/01/2003,3.87
22/01/2003,3.87
21/01/2003,3.87
20/01/2003,3.85
17/01/2003,3.89
16/01/2003,3.92
15/01/2003,3.951
14/01/2003,3.91
13/01/2003,3.9
10/01/2003,3.93
09/01/2003,3.941
08/01/2003,3.89
07/01/2003,3.951
06/01/2003,3.951
03/01/2003,3.9
02/01/2003,3.9
31/12/2002,3.95
30/12/2002,3.951
27/12/2002,3.91
24/12/2002,3.91
23/12/2002,3.93
20/12/2002,3.92
19/12/2002,3.91
18/12/2002,3.923
17/12/2002,3.923
16/12/2002,3.9
13/12/2002,3.87
12/12/2002,3.852
11/12/2002,3.9
10/12/2002,3.923
09/12/2002,3.92
06/12/2002,3.9
05/12/2002,3.852
04/12/2002,3.9
03/12/2002,3.89
02/12/2002,3.93
29/11/2002,3.88
28/11/2002,3.9
27/11/2002,3.87
26/11/2002,3.852
25/11/2002,3.85
22/11/2002,3.852
21/11/2002,3.86
20/11/2002,3.84
19/11/2002,3.85
18/11/2002,3.92
15/11/2002,3.852
14/11/2002,3.87
13/11/2002,3.88
12/11/2002,3.89
11/11/2002,3.93
08/11/2002,3.86
07/11/2002,3.86
06/11/2002,3.82
05/11/2002,3.853
04/11/2002,3.84
01/11/2002,3.84
31/10/2002,3.85
30/10/2002,3.852
29/10/2002,3.852
28/10/2002,3.87
25/10/2002,3.88
24/10/2002,3.849
23/10/2002,3.86
22/10/2002,3.89
21/10/2002,3.849
18/10/2002,3.88
17/10/2002,3.87
16/10/2002,3.852
15/10/2002,3.87
14/10/2002,3.87
11/10/2002,3.87
10/10/2002,3.86
09/10/2002,3.85
08/10/2002,3.83
07/10/2002,3.84
04/10/2002,3.82
03/10/2002,3.84
02/10/2002,3.84
01/10/2002,3.851
30/09/2002,3.84
27/09/2002,3.81
26/09/2002,3.903
25/09/2002,3.88
24/09/2002,3.88
23/09/2002,3.9
20/09/2002,3.86
19/09/2002,3.9
18/09/2002,3.933
17/09/2002,3.933
16/09/2002,3.89
13/09/2002,3.933
12/09/2002,3.88
11/09/2002,3.923
10/09/2002,3.923
09/09/2002,3.9
06/09/2002,3.922
05/09/2002,3.923
04/09/2002,3.89
03/09/2002,3.92
02/09/2002,3.92
30/08/2002,3.922
29/08/2002,3.88
28/08/2002,3.9
27/08/2002,3.85
26/08/2002,3.924
23/08/2002,3.922
22/08/2002,3.923
21/08/2002,3.923
20/08/2002,3.9
19/08/2002,3.87
16/08/2002,3.892
15/08/2002,3.84
14/08/2002,3.913
13/08/2002,3.913
12/08/2002,3.86
09/08/2002,3.87
08/08/2002,3.85
07/08/2002,3.913
06/08/2002,3.86
05/08/2002,3.88
02/08/2002,3.86
01/08/2002,3.8
31/07/2002,3.893
30/07/2002,3.85
29/07/2002,3.852
26/07/2002,3.82
25/07/2002,3.852
24/07/2002,3.82
23/07/2002,3.82
22/07/2002,3.83
19/07/2002,3.82
18/07/2002,3.832
17/07/2002,3.8
16/07/2002,3.82
15/07/2002,3.85
12/07/2002,3.852
11/07/2002,3.852
10/07/2002,3.83
09/07/2002,3.903
08/07/2002,3.85
05/07/2002,3.86
04/07/2002,3.88
03/07/2002,3.92
02/07/2002,3.933
01/07/2002,3.86
28/06/2002,3.88
27/06/2002,3.87
26/06/2002,3.89
25/06/2002,3.91
24/06/2002,3.88
21/06/2002,3.953
20/06/2002,3.954
19/06/2002,3.9
18/06/2002,3.92
17/06/2002,3.88
14/06/2002,3.86
13/06/2002,3.86
12/06/2002,3.873
11/06/2002,3.85
10/06/2002,3.82
07/06/2002,3.93
06/06/2002,4
05/06/2002,3.98
04/06/2002,3.995
03/06/2002,3.995
31/05/2002,3.99
30/05/2002,3.94
29/05/2002,3.954
28/05/2002,3.92
27/05/2002,3.92
24/05/2002,3.91
23/05/2002,3.93
22/05/2002,3.94
21/05/2002,3.88
20/05/2002,3.94
17/05/2002,3.9
16/05/2002,3.9
15/05/2002,3.974
14/05/2002,3.974
13/05/2002,3.94
10/05/2002,3.931
09/05/2002,3.92
08/05/2002,3.933
07/05/2002,3.9
03/05/2002,3.9
02/05/2002,3.911
01/05/2002,3.91
30/04/2002,3.97
29/04/2002,4.01
26/04/2002,3.98
25/04/2002,3.97
24/04/2002,3.999
23/04/2002,3.94
22/04/2002,3.97
19/04/2002,3.968
18/04/2002,3.93
17/04/2002,3.87
16/04/2002,3.88
15/04/2002,3.9
12/04/2002,3.91
11/04/2002,3.87
10/04/2002,3.93
09/04/2002,3.98
08/04/2002,4.009
05/04/2002,4.01
04/04/2002,3.96
03/04/2002,4.011
02/04/2002,3.94
28/03/2002,3.99
27/03/2002,4.02
26/03/2002,4.02
25/03/2002,4.02
22/03/2002,4.07
21/03/2002,4
20/03/2002,4.03
19/03/2002,4.03
18/03/2002,4
15/03/2002,3.98
14/03/2002,3.94
13/03/2002,4.01
12/03/2002,3.96
11/03/2002,3.96
08/03/2002,3.96
07/03/2002,3.962
06/03/2002,3.962
05/03/2002,3.962
04/03/2002,3.95
01/03/2002,3.92
28/02/2002,3.93
27/02/2002,3.93
26/02/2002,3.95
25/02/2002,3.93
22/02/2002,3.93
21/02/2002,3.89
20/02/2002,3.959
19/02/2002,3.959
18/02/2002,3.89
15/02/2002,3.937
14/02/2002,3.938
13/02/2002,3.93
12/02/2002,3.912
11/02/2002,3.9
08/02/2002,3.88
07/02/2002,3.9
06/02/2002,3.948
05/02/2002,3.948
04/02/2002,3.946
01/02/2002,3.93
31/01/2002,3.91
30/01/2002,3.94
29/01/2002,3.928
28/01/2002,3.928
25/01/2002,3.86
24/01/2002,3.9
23/01/2002,3.91
22/01/2002,3.93
21/01/2002,3.92
18/01/2002,3.92
17/01/2002,3.969
16/01/2002,3.95
15/01/2002,3.969
14/01/2002,3.969
11/01/2002,3.93
10/01/2002,3.96
09/01/2002,3.99
08/01/2002,3.918
07/01/2002,3.9
04/01/2002,3.937
03/01/2002,3.91
02/01/2002,3.92
24/12/2001,3.982
21/12/2001,3.96
17/12/2001,3.92
14/12/2001,3.92
11/12/2001,3.911
07/12/2001,3.9
04/12/2001,3.881
03/12/2001,3.912
30/11/2001,3.93
27/11/2001,3.811
21/11/2001,3.78
20/11/2001,3.841
16/11/2001,3.87
12/11/2001,3.869
09/11/2001,3.86
07/11/2001,4.011
05/11/2001,4.093
01/11/2001,4.192
31/10/2001,4.172
29/10/2001,4.294
26/10/2001,4.362
25/10/2001,4.343
24/10/2001,4.394
22/10/2001,4.425
19/10/2001,4.403
17/10/2001,4.353
16/10/2001,4.384
15/10/2001,4.395
12/10/2001,4.383
09/10/2001,4.374
05/10/2001,4.383
04/10/2001,4.413
03/10/2001,4.514
28/09/2001,4.664
27/09/2001,4.554
26/09/2001,4.546
24/09/2001,4.542
21/09/2001,4.523
20/09/2001,4.554
18/09/2001,4.666
17/09/2001,4.838
13/09/2001,4.886
11/09/2001,4.888
07/09/2001,4.785
06/09/2001,4.786
05/09/2001,4.776
30/08/2001,4.786
28/08/2001,4.817
24/08/2001,4.876
22/08/2001,4.87
17/08/2001,4.866
15/08/2001,4.816
13/08/2001,4.818
08/08/2001,4.816
07/08/2001,4.92
03/08/2001,4.917
02/08/2001,4.917
30/07/2001,5.121
24/07/2001,5.099
19/07/2001,5.118
18/07/2001,5.038
16/07/2001,5.1
13/07/2001,5.117
11/07/2001,5.159
09/07/2001,5.155
05/07/2001,5.158
03/07/2001,5.15
02/07/2001,5.117
29/06/2001,5.117
28/06/2001,5.108
27/06/2001,5.088
25/06/2001,5.12
22/06/2001,5.117
20/06/2001,5.08
18/06/2001,5.08
15/06/2001,5.097
14/06/2001,5.128
12/06/2001,5.119
11/06/2001,5.122
08/06/2001,5.117
05/06/2001,5.119
01/06/2001,5.127
31/05/2001,5.118
30/05/2001,5.169
29/05/2001,5.16
25/05/2001,5.077
21/05/2001,5.055
17/05/2001,5.017
14/05/2001,5.17
10/05/2001,5.118
08/05/2001,5.216
04/05/2001,5.319
01/05/2001,5.342
27/04/2001,5.308
26/04/2001,5.279
24/04/2001,5.341
23/04/2001,5.266
19/04/2001,5.289
18/04/2001,5.27
17/04/2001,5.316
12/04/2001,5.219
11/04/2001,5.22
10/04/2001,5.453
09/04/2001,5.447
06/04/2001,5.449
05/04/2001,5.42
04/04/2001,5.552
03/04/2001,5.553
02/04/2001,5.554
30/03/2001,5.55
29/03/2001,5.541
27/03/2001,5.563
26/03/2001,5.559
23/03/2001,5.47
20/03/2001,5.523
19/03/2001,5.464
16/03/2001,5.46
14/03/2001,5.451
13/03/2001,5.512
06/03/2001,5.553
27/02/2001,5.613
26/02/2001,5.608
22/02/2001,5.611
20/02/2001,5.714
19/02/2001,5.638
15/02/2001,5.712
13/02/2001,5.654
12/02/2001,5.709
09/02/2001,5.681
08/02/2001,5.712
06/02/2001,5.785
30/01/2001,5.775
29/01/2001,5.775
23/01/2001,5.805
19/01/2001,5.842
18/01/2001,5.813
16/01/2001,5.869
05/01/2001,5.691
04/01/2001,5.742
03/01/2001,5.804
02/01/2001,5.764
27/12/2000,5.774
22/12/2000,5.767
21/12/2000,5.721
20/12/2000,5.753
18/12/2000,5.775
12/12/2000,5.795
11/12/2000,5.795
06/12/2000,5.789
04/12/2000,5.789
01/12/2000,5.784
30/11/2000,5.796
29/11/2000,5.796
27/11/2000,5.777
23/11/2000,5.823
20/11/2000,5.846
17/11/2000,5.842
16/11/2000,5.843
15/11/2000,5.864
13/11/2000,5.881
08/11/2000,5.874
07/11/2000,5.886
30/10/2000,5.879
27/10/2000,5.873
25/10/2000,5.876
23/10/2000,5.876
20/10/2000,5.873
18/10/2000,5.885
16/10/2000,5.891
11/10/2000,5.885
09/10/2000,5.883
02/10/2000,5.875
29/09/2000,5.894
27/09/2000,5.894
25/09/2000,5.88
20/09/2000,5.874
19/09/2000,5.874
18/09/2000,5.875
11/09/2000,5.896
08/09/2000,5.87
07/09/2000,5.953
06/09/2000,5.944
30/08/2000,5.924
29/08/2000,5.905
25/08/2000,5.879
22/08/2000,5.874
21/08/2000,5.865
18/08/2000,5.87
17/08/2000,5.883
16/08/2000,5.904
14/08/2000,5.896
10/08/2000,5.874
08/08/2000,5.874
02/08/2000,5.935
31/07/2000,5.913
24/07/2000,5.906
20/07/2000,5.923
19/07/2000,5.904
18/07/2000,5.905
17/07/2000,5.931
12/07/2000,5.924
10/07/2000,5.886
07/07/2000,5.9
06/07/2000,5.923
04/07/2000,5.895
03/07/2000,5.875
30/06/2000,5.84
29/06/2000,5.893
28/06/2000,5.924
26/06/2000,5.926
23/06/2000,5.92
21/06/2000,5.914
19/06/2000,5.876
16/06/2000,5.87
15/06/2000,5.903
13/06/2000,5.925
12/06/2000,5.946
09/06/2000,6.021
05/06/2000,6.027
02/06/2000,5.92
30/05/2000,5.968
19/05/2000,5.94
18/05/2000,6.024
12/05/2000,5.991
11/05/2000,5.973
03/05/2000,6.027
18/04/2000,5.874
12/04/2000,5.894
11/04/2000,5.864
04/04/2000,5.926
31/03/2000,5.851
30/03/2000,5.823
29/03/2000,5.824
24/03/2000,5.88
22/03/2000,5.885
21/03/2000,5.885
17/03/2000,5.915
16/03/2000,5.875
15/03/2000,5.886
14/03/2000,5.847
13/03/2000,5.888
12/03/2000,5.911
10/03/2000,5.905
09/03/2000,5.946
05/03/2000,5.985
23/02/2000,5.977
21/02/2000,5.979
14/02/2000,5.882
11/02/2000,5.925
07/02/2000,5.868
29/01/2000,5.804
27/01/2000,5.805
21/01/2000,5.774
20/01/2000,5.724
19/01/2000,5.644
16/01/2000,5.588
14/01/2000,5.582
13/01/2000,5.583
06/01/2000,5.522
05/01/2000,5.503
03/01/2000,5.336
30/12/1999,5.331
24/12/1999,5.352
17/12/1999,5.27
16/12/1999,5.351
15/12/1999,5.322
03/12/1999,5.522
26/11/1999,5.34
19/11/1999,5.32
29/10/1999,5.31
30/09/1999,5.2
27/09/1999,5.182
24/09/1999,5.159
21/09/1999,5.151
10/09/1999,5.119
19/08/1999,4.888
11/08/1999,4.959
05/08/1999,4.918
04/08/1999,4.939
03/08/1999,4.92
21/07/1999,4.879
15/07/1999,4.837
14/07/1999,4.838
13/07/1999,4.818
07/07/1999,4.828
05/07/1999,4.81
29/06/1999,4.828
25/06/1999,4.827
24/06/1999,4.823
23/06/1999,4.823
10/06/1999,5.09
29/04/1999,5.141
22/04/1999,5.139
16/04/1999,5.139
15/04/1999,5.17
05/02/1999,5.33
04/02/1999,5.74
02/02/1999,5.757
28/01/1999,5.785
22/01/1999,5.774
15/01/1999,6.026
14/01/1999,5.825
13/01/1999,5.836
12/01/1999,6.029
11/01/1999,6.03
08/01/1999,6.019
05/01/1999,6.022
04/01/1999,6.023
