Date,Polarity
1998-09-15,-0.4181818143801653
1998-10-21,-0.1005290999972005
1998-10-21,-0.3725490159554018
1998-11-01,-0.1428571420068027
1998-11-01,-0.4065934043593769
1998-11-19,-0.5799999942
1998-12-01,-0.5524475505159177
1998-12-15,-0.2132701411693358
1999-01-12,-0.5284552802564612
1999-01-18,-0.2295081948400967
1999-02-01,0.0505050499948984
1999-02-10,-0.15662650413703
1999-02-18,-0.362499997734375
1999-02-24,-0.3333333306233063
1999-03-01,-0.0515463912211712
1999-03-23,-0.152777776716821
1999-05-14,-0.012195121876859
1999-05-17,-0.18139534799351
1999-05-18,-0.1645569609838167
1999-05-25,0.131313129986736
1999-05-27,-0.1044776114205094
1999-06-10,-0.1858407063199937
1999-06-14,0.2399999976
1999-06-17,0.0869565198487713
1999-08-15,-0.5354330698121397
1999-08-27,-0.343999999312
1999-09-09,-0.3314285704816326
1999-09-16,-0.2761020875264453
1999-09-22,-0.1779661009408216
1999-10-11,-0.1354838700936524
1999-10-14,-0.2533333316444444
1999-10-20,-0.0325203250710555
1999-11-05,-0.6529284150695696
1999-11-19,0.0419161674136756
1999-12-02,-0.1560693632597146
1999-12-02,-0.2841328402799526
1999-12-07,-0.0147058822448096
1999-12-17,-0.1623931610051866
2000-01-07,-0.3241379287990488
2000-01-18,-0.0608695646880907
2000-01-26,-0.1238095226303855
2000-02-14,-0.1278195479111312
2000-02-16,-0.0624999990234375
2000-02-23,0.1003039510629059
2000-02-25,-0.131313129986736
2000-02-28,-0.0399999996
2000-03-15,-0.0224719099861128
2000-03-15,-0.0260869564083175
2000-03-28,-0.1224489783423573
2000-03-29,-0.175438594952293
2000-04-04,-0.1999999980952381
2000-04-14,-0.1764705865051903
2000-04-18,-0.1923076910749507
2000-05-03,-0.1456310665472712
2000-05-09,0.3411764665743945
2000-05-18,0.0753768840433322
2000-05-31,-0.1983122354501593
2000-06-13,0.2542372859810399
2000-06-14,0.2295081948400967
2000-06-15,-0.2903225759625391
2000-06-19,0.0333333327777777
2000-07-13,-0.0540540533235938
2000-07-26,0.5294117569204153
2000-08-24,0.0136986299493338
2000-08-26,0.1584699444892352
2000-08-27,-0.1719745211976145
2000-09-06,-0.565934064379302
2000-09-28,0.2475247500245074
2000-10-02,0.7735848910644361
2000-10-10,-0.1489361670439113
2000-10-12,-0.0086956521361058
2000-11-07,-0.3220338928468831
2000-11-14,-0.0449438199722257
2000-11-28,-0.194312795287617
2001-01-15,-0.2405063260695401
2001-01-16,-0.1666666651234568
2001-01-22,-0.2198581544690911
2001-02-21,-0.1407407396982167
2001-02-21,-0.3379310321521998
2001-02-22,-0.299999997
2001-03-09,-0.394230767335429
2001-03-14,0.0434782605545053
2001-03-20,-0.4045307430274086
2001-03-27,-0.3818181748760332
2001-04-02,0.054545453553719
2001-04-10,-0.2517985593395787
2001-04-25,-0.031578947036011
2001-05-07,-0.0901639340567051
2001-05-16,-0.4720496879750009
2001-05-16,-0.2727272685950413
2001-05-21,-0.1794871771860618
2001-05-23,-0.1784232357741774
2001-05-30,-0.2021857912448864
2001-06-03,-0.3454545448264463
2001-06-18,-0.3823529383650519
2001-06-20,-0.1718749986572265
2001-07-19,-0.3350253798603417
2001-07-24,-0.4545454517906336
2001-08-09,-0.3043478194706996
2001-09-04,-0.2920792071978237
2001-09-13,-0.198019800999902
2001-09-14,-0.3501805041509729
2001-09-19,-0.3987730049117392
2001-09-20,-0.3389830479747199
2001-10-10,-0.1571428560204081
2001-10-16,-0.212598423522847
2001-10-19,0.09836065493147
2001-10-23,-0.5886524808778901
2001-11-21,-0.4502923950275299
2001-11-22,-0.5581395283937264
2001-11-29,0.0277777773919753
2001-11-29,0.6666666555555558
2001-12-12,0.0620689650891795
2001-12-18,-0.2571428562244898
2002-01-14,-0.0126582276878705
2002-01-18,0.399999980000001
2002-01-22,0.1304347797731569
2002-02-04,0.1249999960937501
2002-02-12,-0.1276595731100045
2002-02-19,-0.0153846151479289
2002-03-08,-0.351999998592
2002-03-14,-0.2241379291022592
2002-03-19,-0.0169491523987359
2002-03-25,-0.4117647036804026
2002-04-11,-0.0833333327546296
2002-04-18,-0.4912280658664205
2002-04-23,0.0285714281632653
2002-04-29,0.0289855070363369
2002-05-16,-0.2815533966914884
2002-05-22,-0.0717703345848309
2002-06-19,-0.3976470578878893
2002-06-26,-0.0303030298438934
2002-09-19,-0.3659574460298778
2002-09-20,0.0503597118679157
2002-10-14,-0.3809523796566245
2002-10-15,-0.3170731668649614
2002-11-13,-0.1919191899806142
2002-11-19,-0.2546916883252234
2002-11-21,-0.1063829775916704
2002-11-25,-0.3605947941985323
2002-12-06,0.4666666604444445
2002-12-06,-0.5904761890702948
2002-12-09,-0.3049645368442231
2002-12-11,-0.4021739108577505
2003-01-20,-0.2151898706937991
2003-01-29,-0.18999999905
2003-02-18,-0.2732732724526328
2003-03-13,-0.1809523792290249
2003-03-24,-0.1948051922752572
2003-03-27,-0.0810810799853908
2003-03-29,-0.4441913429517281
2003-04-08,-0.3644859801729408
2003-06-03,-0.062499998046875
2003-06-12,0.1125827807113723
2003-06-18,0.1948051922752572
2003-07-21,-0.0804597691901176
2003-08-19,-0.4395161281461368
2003-08-28,-0.2134831452678534
2003-09-16,-0.4703832736223579
2003-10-01,-0.3816155978227978
2003-10-14,0.0975609744199881
2003-11-17,-0.263157893197907
2003-11-20,-0.4229248995141308
2004-01-03,-0.3114754072829884
2004-01-04,-0.1874999970703125
2004-01-12,-0.4242424226354453
2004-01-19,0.0897435891683103
2004-01-20,0.0232558134126555
2004-01-22,-0.2713178287562847
2004-01-26,-0.142857136054422
2004-01-29,-0.3333333314814815
2004-02-18,-0.1098265889605399
2004-03-19,-0.1612903212799167
2004-03-23,-0.2380952368354749
2004-03-26,-0.5536480674814419
2004-04-22,-0.2285714269387755
2004-04-28,-0.3703703669410151
2004-06-14,0.152173911389414
2004-06-16,0.2537313394965472
2004-07-01,-0.0144927534131485
2004-07-28,-0.3611111060956791
2004-07-28,-0.3349397582290608
2004-08-28,-0.1224489783423573
2004-09-14,-0.1199999976
2004-09-15,-0.1126760555445348
2004-10-12,-0.2289156598925824
2004-10-25,-0.152173911389414
2004-11-22,0.03999999968
2004-11-23,-0.0191082801330682
2004-11-25,-0.348837205246079
2004-12-01,-0.2651162778366684
2005-01-20,-0.2903225759625391
2005-01-27,-0.2085561486173468
2005-01-27,-0.1698113191527234
2005-02-04,-0.2075471658953365
2005-02-22,-0.2762645903647292
2005-02-24,0.0588235287197231
2005-03-01,-0.208333331886574
2005-03-02,-0.1789473665373961
2005-03-12,-0.0381679386399394
2005-03-21,-0.2666666651851851
2005-05-17,-0.1129032248959417
2005-05-17,-0.3238095222675737
2005-05-18,-0.177489176720826
2005-05-24,-0.3999999971428571
2005-05-31,-0.2264150922036312
2005-06-13,-0.2203389793162884
2005-06-22,-0.3898305018672796
2005-06-23,0.0126582277679859
2005-08-26,-0.4237288063774779
2005-08-27,0.1232876695440045
2005-09-16,-0.087719296706679
2005-09-20,-0.3789473664265928
2005-10-11,-0.1666666643518519
2005-10-17,-0.3513513481860238
2005-10-19,-0.4343434299561269
2005-11-24,-0.0497237566313604
2005-11-28,-0.4736842088642659
2005-12-01,-0.2173913024574669
2006-01-16,0.0
2006-01-23,0.0
2006-01-24,-0.524590159634507
2006-01-31,-0.2180451111425179
2006-02-20,-0.1730769222448225
2006-02-23,-0.4051724120466706
2006-03-13,-0.7499999906250001
2006-03-21,-0.2380952358276644
2006-04-25,-0.0824742263789988
2006-05-18,-0.2399999952000001
2006-05-19,-0.3149171253319496
2006-05-25,-0.5039370058900118
2006-05-30,-0.154929575282682
2006-06-12,-0.2999999950000001
2006-06-21,0.0163934423542058
2006-07-20,0.1555555538271605
2006-07-25,-0.1888111874908308
2006-08-26,-0.3195876255712616
2006-09-26,-0.0526315783933518
2006-09-27,-0.5373134288260192
2006-10-10,-0.0833333321759259
2006-10-17,-0.2357723558067288
2006-10-20,-0.2520325182761584
2006-10-24,-0.106382977968915
2006-10-26,-0.3333333311546841
2006-10-29,-0.1034482751486325
2006-11-01,0.0291262134508436
2006-11-13,-0.3333333311111111
2006-11-16,0.4090908997933886
2006-11-27,-0.1025641019066403
2006-11-30,-0.2448979566847147
2006-12-11,-0.1914893606835672
2006-12-14,-0.3114754081340141
2006-12-21,-0.2857142836734694
2007-01-04,-0.3658536572618339
2007-01-16,-0.1225806443704474
2007-01-18,0.0404624275117778
2007-01-23,-0.1818181790633609
2007-02-21,-0.1874999970703125
2007-02-26,-0.453237408441592
2007-02-28,-0.2098765419143423
2007-03-15,-0.2058823514273356
2007-03-20,-0.3628318568016289
2007-03-26,0.269565215047259
2007-03-28,-0.2813852801671633
2007-04-26,-0.3879781399564036
2007-05-02,-0.1772151893126101
2007-05-30,-0.4786729835133982
2007-06-11,-0.3333333302469136
2007-06-15,-0.0292397659108785
2007-06-20,-0.0249999996875
2007-06-26,0.0129870129026817
2007-06-29,-0.2037617548471418
2007-07-09,-0.0841121493361865
2007-07-10,-0.2027972013790405
2007-07-12,-0.207100590490529
2007-07-13,-0.2078239603720685
2007-07-19,-0.0297029700029408
2007-07-24,-0.275862067380103
2007-09-24,-0.4603174566641472
2007-09-27,-0.3501805041509729
2007-10-09,-0.531034479096314
2007-10-23,-0.5777777745679012
2007-10-30,-0.3793103422116528
2007-10-31,-0.3650793621819098
2007-11-12,-0.2582781439849129
2007-11-22,-0.4883720892374257
2007-11-27,-0.4457831298446799
2007-12-13,-0.4132231387883341
2008-01-17,-0.52380952069161
2008-01-22,-0.6249999934895835
2008-02-18,-0.1948051922752572
2008-02-19,-0.4578313225431848
2008-02-21,-0.245283017325264
2008-02-26,-0.4999999965277778
2008-02-27,-0.5263157848568791
2008-03-14,-0.272727270820089
2008-03-31,-0.2888888824691359
2008-04-02,-0.569230764852071
2008-04-17,-0.4161490657382046
2008-04-22,-0.2352941153402537
2008-04-23,-0.3744075811639451
2008-04-24,-0.4574132477684124
2008-04-29,-0.576763483083969
2008-06-10,-0.4556212990791639
2008-06-13,-0.4032258031997919
2008-06-18,-0.37037036351166
2008-06-19,-0.2333333313888889
2008-07-14,-0.0922693264531937
2008-07-15,-0.2537313413900646
2008-07-18,-0.4029850716195144
2008-07-24,-0.1084337336333285
2008-07-31,-0.1874999970703125
2008-09-12,-0.4651162772669912
2008-09-18,-0.4915254195633439
2008-09-22,-0.4225352082920056
2008-09-24,-0.3764705860207613
2008-09-25,-0.4461538438658777
2008-10-13,-0.6815920364099899
2008-10-21,-0.671641786032524
2008-10-28,-0.2631578924284395
2008-10-28,-0.5308641942539247
2008-10-29,-0.5100864538614224
2008-11-18,-0.4285714183673472
2008-11-19,-0.388349512677915
2008-11-22,-0.2960893838207297
2008-11-25,-0.513043473799622
2008-12-09,-0.3580246891479957
2009-01-16,-0.5407407367352538
2009-01-20,-0.4039735072584536
2009-01-29,-0.6052631559037396
2009-02-13,-0.4755244738618025
2009-02-16,-0.5194805161072694
2009-02-17,-0.5106382924400181
2009-02-19,-0.2824074067536866
2009-02-24,-0.5771428554938776
2009-02-25,-0.361823360792526
2009-03-12,-0.3695652153827977
2009-03-17,-0.4587458730734459
2009-03-24,-0.5636363619283746
2009-03-27,-0.3371428552163265
2009-03-27,-0.2132352933336938
2009-04-21,-0.3852459000604676
2009-04-28,-0.4673629230617156
2009-05-14,-0.196581195741106
2009-05-15,-0.511999998976
2009-05-21,-0.3555555516049383
2009-05-28,-0.5674157287432142
2009-05-29,0.1666666620370371
2009-06-09,-0.1219512180249851
2009-06-10,-0.1843575408695109
2009-06-12,-0.4604651141373715
2009-06-17,-0.2999999978571429
2009-06-23,-0.2417582404298997
2009-06-30,-0.333333331871345
2009-07-01,-0.3013698609495215
2009-07-02,-0.3962264113563546
2009-08-25,-0.3728222990020517
2009-09-14,-0.2585365841046996
2009-09-21,-0.2674418589102217
2009-09-23,-0.2881355919994254
2009-09-24,-0.2133333319111111
2009-09-30,-0.4689265510230138
2009-10-13,-0.4399999956000001
2009-10-20,-0.4418604625473229
2009-10-22,-0.4890965716850574
2009-10-26,-0.5384615363905325
2009-11-16,-0.3977695152499274
2009-11-16,-0.5665399218002284
2009-11-17,-0.4666666622222222
2009-11-19,-0.5632183875677105
2009-11-26,-0.3286713263729278
2009-12-01,-0.0866666663777777
2009-12-02,-0.5405405368882397
2009-12-06,-0.3623188353287125
2009-12-16,-0.4271356762455494
2010-01-19,-0.397260271251642
2010-01-21,-0.5256410222715319
2010-01-27,-0.2886597923264959
2010-01-27,-0.4319526601659606
2010-02-18,-0.3999999973333333
2010-02-23,-0.2996389880879458
2010-02-25,-0.3711340187054947
2010-03-08,-0.3253012035128466
2010-03-10,-0.5114942514037522
2010-03-12,-0.1779141093379502
2010-03-16,-0.3620071671612646
2010-03-18,-0.2096774176638918
2010-03-19,-0.4941176441522492
2010-04-27,-0.301675976810961
2010-05-24,-0.4456521727020321
2010-06-11,0.049999999375
2010-06-14,-0.5398230040723628
2010-06-14,-0.490909086446281
2010-06-30,-0.4464285694355867
2010-07-13,-0.5328467114390751
2010-07-13,-0.4355828194136023
2010-07-14,-0.3362068951025564
2010-07-14,-0.4687499975585937
2010-08-28,-0.336683416662458
2010-09-02,-0.2873563207380984
2010-09-03,-0.3186813151793262
2010-09-21,0.2577319561058561
2010-09-22,-0.3333333313492063
2010-09-28,-0.5915789461229917
2010-09-30,-0.5769230732248521
2010-09-30,-0.5428571376870749
2010-10-11,-0.4074074023776864
2010-10-11,-0.299999997
2010-10-12,-0.383999998464
2010-10-13,-0.3365853642117787
2010-10-25,-0.5146198815361992
2010-10-26,-0.337499997890625
2010-10-27,-0.4285714262166405
2010-11-03,-0.4128440329096878
2010-11-12,-0.1789473674792243
2010-11-18,0.0227272725981404
2010-11-20,-0.2653061217721782
2010-11-24,-0.3412698399155959
2010-12-01,-0.3238095222675737
2010-12-13,-0.3793103422116528
2010-12-16,-0.5285171082565889
2011-01-09,-0.2676056328605435
2011-01-10,-0.1666666652777778
2011-01-24,-0.4080717470490056
2011-01-25,-0.4248365985304798
2011-02-17,-0.6172839468068892
2011-02-18,0.034482757431629
2011-02-18,-0.4516129007977801
2011-02-22,-0.4377880164157234
2011-02-23,-0.4676258959163604
2011-02-24,-0.4486486462235208
2011-02-25,-0.3580246869379668
2011-03-03,-0.5266272158187739
2011-03-11,-0.4603174578819182
2011-03-17,-0.3146853124847181
2011-03-21,0.1864406748060902
2011-03-22,-0.2794117626513841
2011-03-24,-0.1259259249931412
2011-03-29,-0.4086956503969754
2011-03-30,-0.494845358273993
2011-03-31,-0.5081967171459285
2011-04-09,0.1267605624876016
2011-04-13,-0.4382022422673906
2011-04-14,-0.2014134268501292
2011-04-26,-0.4137931016646849
2011-05-05,-0.2195121933372992
2011-05-10,-0.4084507013489387
2011-05-19,0.1098265889605399
2011-05-19,-0.5374149623305104
2011-05-23,-0.596774188735692
2011-05-23,-0.0714285711451247
2011-05-25,-0.2178770937548765
2011-06-01,-0.310344824019025
2011-06-02,-0.366336630036271
2011-06-13,-0.4285714251700681
2011-06-15,-0.4516128995837669
2011-06-21,-0.5851851808504801
2011-06-29,-0.1878787867401285
2011-06-29,-0.3289473662569252
2011-07-05,-0.4820143850214792
2011-07-08,-0.4630136973616063
2011-07-12,-0.3215547691817852
2011-07-27,-0.520737324789229
2011-08-01,-0.537037032064472
2011-08-18,-0.2736318394346674
2011-08-25,-0.245283017325264
2011-09-01,-0.6235294099307959
2011-09-06,0.1933174219729894
2011-09-13,-0.451143450205523
2011-09-16,-0.279069766792861
2011-09-21,-0.5299539146085073
2011-09-26,-0.462499997109375
2011-10-10,-0.4029850716195144
2011-10-11,-0.4285714238618525
2011-10-18,-0.5688622720427409
2011-10-19,-0.1562499975585937
2011-10-24,-0.396341462206276
2011-10-24,-0.0689655160523187
2011-10-25,-0.0828025472432958
2011-11-02,-0.0370370356652949
2011-11-03,-0.4678899039643128
2011-11-22,-0.2571428497959186
2011-11-22,-0.4657534214674423
2011-11-22,-0.4772727218491736
2011-11-24,-0.2713178273541253
2011-11-25,-0.4403292162949415
2011-12-07,-0.2487804865913147
2011-12-13,-0.5340909060563017
2012-01-17,-0.2844036684201667
2012-01-19,-0.3263157860387812
2012-01-24,-0.455999996352
2012-01-26,-0.3037037014540467
2012-02-01,-0.1999999920000003
2012-02-07,-0.1741935472632674
2012-02-21,-0.4915254195633439
2012-02-28,-0.5017543842043706
2012-02-29,-0.3020134218053241
2012-03-01,-0.3553718978894885
2012-03-12,-0.1428571421534131
2012-03-13,-0.1515151492194674
2012-03-15,-0.6393442588013974
2012-03-20,-0.3903743294632389
2012-03-22,-0.0909090826446288
2012-03-24,-0.2920353956457044
2012-03-26,-0.3375796156842063
2012-03-26,-0.6346153785133137
2012-03-27,-0.336956519907845
2012-03-29,-0.560209421150736
2012-03-29,-0.3333333222222225
2012-04-14,-0.3020833317599826
2012-04-18,-0.1724137919143876
2012-04-27,-0.2207792179119582
2012-05-02,-0.5029585769055706
2012-05-04,-0.6197183054949416
2012-05-06,-0.2999999850000007
2012-05-23,-0.5505617946597652
2012-05-24,-0.4177215136997277
2012-05-24,-0.4216867444476702
2012-05-24,-0.5744680820507017
2012-05-28,-0.4941176441522492
2012-06-06,-0.6648648612710008
2012-06-08,-0.524475522641694
2012-06-11,-0.4909090891239669
2012-06-12,-0.3700787372434745
2012-06-14,-0.5632183875677105
2012-06-20,-0.6285714195918369
2012-06-21,0.3513513466033602
2012-06-21,-0.3290322559417274
2012-07-10,-0.5903614386703442
2012-08-31,-0.2883435565132297
2012-09-08,-0.4063926922082525
2012-09-11,-0.4256055348594964
2012-09-12,-0.4098360633342292
2012-09-18,-0.6178343909692077
2012-09-25,-0.1833333325694444
2012-09-26,0.0238095235260771
2012-10-04,-0.3028571411265306
2012-10-09,-0.3734939750036289
2012-10-10,-0.1923076886094675
2012-10-17,-0.3551912548896653
2012-10-18,-0.5128205095332019
2012-10-23,-0.3733333308444445
2012-10-25,-0.428571424969988
2012-10-26,-0.4545454527488322
2012-10-29,-0.124183005724294
2012-10-29,-0.387499997578125
2012-10-31,-0.4923076904142012
2012-11-07,-0.5824175760173893
2012-11-13,-0.2789115627284927
2012-11-21,-0.3490566021270915
2012-12-12,-0.5354838675130074
2012-12-14,-0.0857142852244898
2012-12-20,-0.230769226331361
2013-01-14,-0.4444444197530878
2013-01-18,-0.3260869547495274
2013-01-22,-0.30107526719852
2013-01-24,-0.3739130402268431
2013-02-11,-0.3990147763595331
2013-02-16,-0.1188118805999411
2013-02-21,-0.3038674016360917
2013-02-25,0.3333333209876548
2013-02-26,-0.3522727252711777
2013-02-27,-0.4999999976851852
2013-03-15,-0.4787234017089181
2013-04-10,-0.3333333287037038
2013-04-13,-0.5368420996121884
2013-04-16,-0.3495934930927358
2013-04-23,-0.5244755208078635
2013-04-26,0.5714285510204089
2013-05-01,-0.3989071016453164
2013-05-01,-0.482200645688671
2013-05-17,-0.3284671508871011
2013-05-20,-0.2396694204972338
2013-05-24,-0.3286713263729278
2013-05-28,-0.1612903208463406
2013-05-29,-0.3614457809551459
2013-06-03,-0.269565215047259
2013-06-07,-0.0677966095949439
2013-06-11,-0.3522727252711777
2013-06-13,-0.3953488326122228
2013-06-13,-0.2995780578076875
2013-06-14,-0.3513513489773557
2013-06-19,-0.2671755704795758
2013-06-26,-0.5959595899398021
2013-07-09,-0.5096774160665973
2013-07-24,-0.0303030293847566
2013-08-24,-0.2153846137278106
2013-08-28,-0.1645569609838167
2013-09-04,0.1063829783461596
2013-09-10,0.3571428443877555
2013-09-23,-0.3292682906751933
2013-09-24,-0.1832460723390258
2013-09-24,0.1340206171750451
2013-09-24,-0.2916666636284722
2013-10-01,-0.3451327403085598
2013-10-02,-0.3428571404081633
2013-10-02,-0.2264150932716269
2013-10-12,-0.3734939714036871
2013-10-16,-0.3999999978947368
2013-10-17,-0.0329670326047578
2013-10-21,-0.2727272699724518
2013-10-22,-0.5163398659062753
2013-10-24,-0.0078740156860313
2013-11-04,-0.2499999971590909
2013-11-06,-0.2578124989929199
2013-11-14,-0.44999999775
2013-11-15,-0.3037037014540467
2013-12-09,-0.3538461520315582
2013-12-11,0.0337078647897992
2013-12-12,-0.370786512687792
2013-12-13,-0.1082802540873869
2013-12-18,0.2777777700617286
2013-12-20,-0.0952380941043084
2014-01-17,-0.4385964873807326
2014-01-22,-0.361702125735627
2014-01-23,-0.3907284742335862
2014-01-24,-0.1927710831760778
2014-01-29,-0.1136363629907024
2014-02-26,-0.2741935461758585
2014-02-27,-0.5415019741442609
2014-03-10,-0.3786407730229051
2014-03-13,-0.3333333296296297
2014-03-14,-0.2475247500245074
2014-03-17,-0.2315789461495845
2014-03-18,0.1517241374078478
2014-03-20,-0.5483870938258758
2014-03-25,-0.0149253729115616
2014-03-28,-0.2465753407768812
2014-03-31,0.1147540974200483
2014-04-01,-0.2105263139427516
2014-04-04,-0.3736263715734815
2014-04-29,-0.3469387719700125
2014-05-01,-0.5438596443521084
2014-05-06,-0.1078717198021232
2014-05-11,-0.0957854402460327
2014-05-13,-0.5169082100632454
2014-05-20,-0.2313725481122645
2014-05-27,-0.1666666657986111
2014-05-29,-0.5220125753332543
2014-06-04,-0.2727272713498622
2014-06-10,-0.33333332996633
2014-06-12,-0.2832369925824451
2014-06-18,-0.3214285685586735
2014-06-18,-0.4042553162818772
2014-06-19,-0.6091953987977275
2014-07-01,-0.3559321973570814
2014-07-03,-0.3017751461433423
2014-07-10,-0.4224137912826992
2014-07-18,-0.5167785200216207
2014-07-23,0.142857141723356
2014-07-24,-0.3926701550121981
2014-07-29,-0.5084745719620799
2014-08-23,-0.4605263127596953
2014-09-09,-0.2910052894655804
2014-09-11,-0.1868131861288894
2014-09-12,0.2784313714571318
2014-09-25,-0.3725490159554018
2014-09-30,-0.1891891881665449
2014-10-01,-0.2870370357081618
2014-10-01,0.091445427458863
2014-10-12,-0.1919191899806142
2014-10-15,-0.4427860674488255
2014-10-16,-0.3037037014540467
2014-10-17,-0.5797101407267381
2014-10-20,-0.3459119475099877
2014-10-20,-0.4193548319458898
2014-10-20,-0.1621621599707816
2014-10-23,-0.4166666608796297
2014-10-27,-0.2477876095230636
2014-10-28,-0.560606056359045
2014-10-29,-0.0190114067718197
2014-11-06,-0.1809523792290249
2014-11-16,-0.1555555548641975
2014-11-17,-0.2506082718963302
2014-11-18,-0.322147649925679
2014-11-20,-0.4845360774790095
2014-11-21,-0.1846153831952663
2014-11-24,-0.226890754395876
2014-11-24,-0.0193548385848074
2014-12-04,-0.5462962937671468
2014-12-04,-0.5454545404958678
2014-12-08,-0.4152542355285837
2014-12-08,-0.4626865654377367
2014-12-10,-0.3917525753002445
2015-01-20,0.1368421045429363
2015-01-22,0.0458715592121875
2015-01-22,-0.2592592576588934
2015-01-23,-0.3267326700323498
2015-01-26,-0.0062111800856448
2015-01-28,-0.155339805071166
2015-01-29,-0.32999999835
2015-02-11,-0.3956834503907666
2015-02-17,-0.0465116277266991
2015-02-24,-0.3159420280697332
2015-02-24,-0.2577319574343714
2015-02-25,0.4285714230055659
2015-02-25,0.2615384595266272
2015-02-26,-0.2352941162629757
2015-03-03,-0.2111111099382716
2015-03-03,-0.3749999970703125
2015-03-10,-0.3679245265663937
2015-03-11,0.0
2015-03-11,-0.4566473962043503
2015-03-12,-0.3464052264940835
2015-03-13,-0.7290322533610822
2015-03-18,-0.0555555540123457
2015-03-19,-0.4619883013918813
2015-03-27,-0.4778761040801942
2015-03-27,-0.0977443605347956
2015-05-15,-0.4433656943580398
2015-05-21,-0.0947368411080332
2015-05-21,-0.122448978967097
2015-05-22,-0.4394904430605704
2015-05-26,-0.5345911916063447
2015-06-02,-0.2158590298860835
2015-06-05,-0.1368421047830101
2015-06-10,-0.2178770937548765
2015-06-12,-0.6543209836153026
2015-06-17,-0.0256410255471024
2015-06-17,0.0
2015-06-22,-0.2248061998077039
2015-06-29,-0.5526315771295014
2015-06-29,-0.1824817504928339
2015-07-09,-0.3090909062809918
2015-07-13,-0.2647058784602076
2015-07-14,-0.271186439528871
2015-07-16,-0.4382022447292009
2015-07-23,-0.4915254153978743
2015-07-28,-0.3539822993186624
2015-07-28,-0.4332425056314918
2015-07-30,-0.3846153796844182
2015-08-29,-0.4744525512813682
2015-09-02,0.3170731668649614
2015-09-11,-0.3759398482107524
2015-09-18,-0.3257575745236455
2015-09-21,-0.1428571421012849
2015-09-22,-0.3725490181468666
2015-09-23,-0.155555554691358
2015-09-29,-0.2060301497184414
2015-09-30,-0.4794520531525614
2015-10-10,-0.0769230757396449
2015-10-12,-0.3289473662569252
2015-10-12,0.0230769229881656
2015-10-16,-0.0551724136028537
2015-10-19,-0.2702702666179694
2015-10-20,-0.4933333300444444
2015-10-21,0.1060606056588613
2015-10-22,-0.3421052609072022
2015-10-22,-0.4876033037702343
2015-10-27,-0.3777777756790124
2015-10-28,-0.167999998656
2015-10-30,-0.5894039696065962
2015-11-03,-0.15662650413703
2015-11-03,-0.4047618999433107
2015-11-06,0.1818181776859505
2015-11-10,-0.4306569311630881
2015-11-11,0.1714285689795918
2015-11-11,-0.1219512180249851
2015-11-12,-0.2996632986543323
2015-11-12,0.0389610384550514
2015-11-18,-0.4262295047030368
2015-12-02,-0.1650485420869073
2015-12-07,-0.0114942527414453
2015-12-14,-0.410958901294802
2015-12-18,-0.6105263125761773
2016-01-18,-0.2982456127269929
2016-01-19,-0.4677419335978148
2016-01-21,-0.1798561138139848
2016-01-25,-0.3201320121447788
2016-01-27,-0.5185185137174212
2016-01-27,-0.087999999296
2016-01-27,-0.4831460647014266
2016-02-05,0.0851063820733363
2016-02-09,-0.4776119367342393
2016-02-10,-0.433962261421621
2016-02-16,0.1249999992897727
2016-02-17,-0.2528735617650944
2016-02-24,-0.4782608674858223
2016-02-26,-0.2063492052574116
2016-03-02,-0.2366412195676243
2016-03-07,-0.5425531886034405
2016-03-08,-0.2364864856875456
2016-03-09,-0.428571425349087
2016-03-21,-0.3109869640391304
2016-03-22,-0.0526315783933518
2016-03-23,0.1851851842053694
2016-04-01,-0.5362318762864946
2016-04-04,-0.0727272720661157
2016-04-20,-0.3376623354697251
2016-04-21,-0.079646016994283
2016-04-26,-0.342281876897437
2016-04-29,-0.5586206877288942
2016-05-05,-0.2820512796405873
2016-05-05,-0.1262135916203223
2016-05-09,-0.2903225759625391
2016-05-10,-0.5238095188208617
2016-05-11,-0.168316830016665
2016-05-13,-0.2410256404076265
2016-05-13,-0.4122806999461373
2016-05-18,-0.2132132125729333
2016-05-19,-0.3788819852243355
2016-05-25,-0.5185185153177869
2016-05-26,-0.2203389811835679
2016-05-26,0.0341880340419314
2016-06-17,0.3218390786101202
2016-06-30,-0.2637362622871634
2016-07-15,-0.4191176455179498
2016-07-18,-0.2931726895856518
2016-08-26,0.0873786399283627
2016-09-08,0.1475409811878527
2016-09-20,-0.0499999995833333
2016-09-21,-0.123595504229264
2016-09-22,0.0235294116262975
2016-09-22,-0.45012165340603
2016-09-23,0.1485148500147044
2016-09-28,0.0379746830636116
2016-09-28,-0.1447368411530471
2016-09-29,0.2666666637037037
2016-10-04,-0.30999999845
2016-10-05,-0.4649681499046614
2016-10-20,-0.1818181790633609
2016-10-20,-0.1692307679289941
2016-10-24,-0.2510288055513218
2016-10-26,-0.205479450647401
2016-11-03,0.0097087378169478
2016-11-09,-0.076923075443787
2016-11-10,-0.2392638029470435
2016-11-16,-0.4698795152416897
2016-11-17,-0.3684210477839336
2016-11-18,-0.4414414394529665
2016-11-22,-0.5398230064609602
2016-11-23,-0.2526315782825484
2016-11-24,-0.1794871783366206
2016-11-28,-0.304347824984247
2016-12-02,-0.1851851840420667
2016-12-05,-0.3147410346026253
2016-12-06,0.476190464852608
2016-12-14,0.0927835041981082
2016-12-15,-0.1111111093474427
2016-12-20,-0.546961322944965
2016-12-21,-0.2168674685730875
2017-01-13,-0.322916664984809
2017-01-16,-0.3164556952010895
2017-01-24,0.1799999982
2017-01-25,0.2051282038132807
2017-02-07,-0.2534562200301556
2017-02-08,-0.2842105248199446
2017-02-09,0.0463576155870356
2017-02-13,-0.6649746159138344
2017-02-21,0.4411764641003461
2017-02-21,-0.401709398275988
2017-02-22,-0.2021276584993209
2017-02-22,-0.1336405523795366
2017-03-03,-0.152542370295892
2017-03-07,-0.4143646385946705
2017-03-20,-0.1530612240993336
2017-03-20,-0.3701211300536727
2017-03-21,-0.3333333304093567
2017-03-23,-0.0470588232525951
2017-03-31,0.108108107815924
2017-04-05,-0.4602076108643335
2017-04-07,0.2528735617650944
2017-04-10,-0.4027149303044573
2017-04-12,0.5405405332359388
2017-04-20,-0.1269035526553119
2017-04-21,0.0326797383484984
2017-06-13,0.3478260793950852
2017-06-13,-0.1999999984
2017-06-13,0.2962962908093279
2017-06-16,-0.1428571412872841
2017-06-20,-0.3072625681158515
2017-06-21,-0.3769230754733728
2017-06-22,-0.5072463758926696
2017-06-28,-0.2571428546938776
2017-07-06,-0.3437499973144531
2017-07-10,-0.2865168531277616
2017-07-11,-0.1341463406454491
2017-07-17,0.073170730814991
2017-07-24,-0.537735846520114
2017-08-31,-0.5238095202461938
2017-09-12,0.3402061820597301
2017-09-15,-0.4174757261287586
2017-09-18,-0.0461538459763313
2017-09-19,-0.0847457622330747
2017-09-28,-0.0754716974012104
2017-09-29,-0.5411764689965398
2017-10-04,0.0091743118424375
2017-10-05,0.3478260793950852
2017-10-05,-0.2799999990666666
2017-10-06,0.1703703691083676
2017-10-06,-0.1341463406454491
2017-10-12,-0.4222222217530864
2017-11-07,-0.6392156837677816
2017-11-14,-0.5021834039205965
2017-11-15,-0.313609465599944
2017-11-16,0.307692301775148
2017-11-20,0.1242603542943174
2017-11-27,-0.351562498626709
2017-11-29,-0.2571428546938776
2017-11-30,-0.2877697831375188
2017-12-07,-0.3023255790517397
2017-12-20,-0.1794871771860618
2018-01-15,-0.3012820503164037
2018-01-17,-0.3372781045131473
2018-02-01,-0.5462184850999223
2018-02-09,-0.3268292666983938
2018-02-19,-0.0061349692875155
2018-02-23,-0.4526315741828255
2018-02-26,-0.0666666661728395
2018-02-27,-0.4022988482626503
2018-03-02,0.0270270268809349
2018-03-06,-0.030303029996939
2018-03-22,0.0666666651851852
2018-03-23,-0.5390946479872648
2018-03-26,0.3064516104318419
2018-04-06,0.008264462741616
2018-04-10,0.1125827810841629
2018-04-12,-0.2873563201876074
2018-04-13,0.1111111049382719
2018-04-19,-0.4399999956000001
2018-04-20,-0.5068493115969225
2018-04-26,-0.5671641748719092
2018-04-26,-0.4108527099933898
2018-04-27,0.0434782602394455
2018-04-30,-0.0999999992857142
2018-05-14,0.0238095235260771
2018-05-24,-0.3846153827662722
2018-06-04,-0.1714285708163265
2018-06-05,-0.3892215557208935
2018-06-07,-0.2560975594140393
2018-06-12,-0.1470588230968858
2018-06-13,-0.2307692291554599
2018-06-13,-0.2617449646862754
2018-06-21,0.124087590335127
2018-06-26,-0.5192878322869797
2018-06-28,0.5098039165705498
2018-06-28,0.080597014684785
2018-07-04,-0.2282608683246691
2018-07-05,0.1025641019066403
2018-07-13,-0.6546762542829047
2018-07-23,-0.0994764392697568
2018-08-24,-0.2907801408128364
2018-09-07,-0.07499999953125
2018-09-14,0.0202020200999898
2018-09-19,-0.0577777776493827
2018-09-25,-0.3641618476060009
2018-09-27,0.5510204025406081
2018-09-27,-0.1612903212799167
2018-09-28,-0.6363636074380178
2018-09-28,-0.2567567550219138
2018-10-10,-0.4193548370187305
2018-10-19,-0.3375796167593006
2018-10-25,-0.4505494455983577
2018-11-02,0.4237288063774779
2018-11-19,0.1999999981818182
2018-11-21,0.0222222219753086
2018-11-22,0.0862944158056121
2018-11-26,-0.3894736801108033
2018-11-27,0.4712643623992602
2018-12-05,-0.3774834424586641
2018-12-06,-0.0512820506245891
2018-12-06,0.5616438279226873
2019-01-17,-0.5053763386518674
2019-01-23,-0.4374999977213542
2019-02-07,-0.3373493955581362
2019-02-12,-0.3305084731758115
2019-02-14,-0.5060240933372042
2019-02-21,0.0356164382585851
2019-03-01,0.2142857117346939
2019-03-06,-0.4520547929724151
2019-03-06,-0.3131313099683706
2019-03-07,-0.3043478247637051
2019-03-11,-0.3673469350270721
2019-03-19,-0.1906976735316387
2019-03-21,0.2063492047115142
2019-03-28,0.0576923071375739
2019-03-28,-0.4747474723497602
2019-04-08,0.1014492738920395
2019-04-10,-0.3333333306233063
2019-04-15,-0.0117647057439446
2019-04-29,0.522388051904656
2019-04-30,0.4693877455226991
2019-05-07,-0.3124999986049107
2019-05-07,0.1538461531886916
2019-05-08,0.2352941153402537
2019-05-14,-0.4437086063330556
2019-05-14,-0.2405063275917321
2019-05-15,-0.1707317052349792
2019-05-15,0.2408759106505408
2019-05-16,0.0
2019-05-16,-0.1752577301519821
2019-05-17,-0.4939759006386994
2019-05-20,-0.16999999915
2019-05-24,-0.4343434299561269
2019-05-30,-0.4634146318857823
2019-06-04,-0.4608695612098299
2019-06-05,0.2187499982910156
2019-06-05,-0.3999999942857143
2019-06-05,0.3170731629982155
2019-06-06,-0.3652173897164461
2019-06-10,-0.420289853042078
2019-06-13,-0.6618357455949964
2019-06-14,0.0748299314637419
2019-06-18,-0.3536585344289114
2019-06-19,-0.1777777758024691
2019-06-20,0.4222222198765432
2019-06-21,-0.5053763386518674
2019-06-26,-0.261904760345805
2019-06-27,-0.0064516128616024
2019-06-28,0.0
2019-07-02,-0.2888888867489712
2019-07-03,0.1290322559833507
2019-07-03,-0.5108695624409263
2019-07-10,-0.1384615373964497
2019-07-12,-0.1743772235787287
2019-07-15,0.1199999976
2019-07-16,0.1794871771860618
2019-07-17,-0.1572327034136308
2019-07-23,-0.4791666650028935
2019-07-25,0.0666666622222225
2019-07-31,-0.3577981618550627
2019-08-23,-0.2539682532963803
2019-09-02,-0.3604060895410858
2019-09-04,-0.5014164291744577
2019-09-13,0.0340909088972107
2019-09-23,-0.0476190468631897
2019-09-24,0.6216216160214268
2019-09-24,-0.4426229471916152
2019-09-24,0.079646016994283
2019-09-27,-0.4782608672547784
2019-10-08,0.2291666642795139
2019-10-08,0.0551181098022196
2019-10-10,0.5882352768166096
2019-10-14,-0.1441860458409951
2019-10-15,-0.4255319126301494
2019-10-21,0.0297029701499852
2019-10-24,-0.2987012948220611
2019-10-28,-0.1264367811247632
2019-10-29,0.5348837147106545
2019-12-10,-0.3548386982310097
2019-12-17,-0.1684210517451523
2019-12-20,-0.3452380931831066
2020-01-09,-0.3013333325297778
2020-01-15,-0.5458515260006483
2020-01-23,0.2075471678533286
2020-02-05,-0.3931888532718611
2020-02-11,0.0666666662962962
2020-02-11,-0.1597633126641224
2020-02-12,-0.2602739690373429
2020-02-13,-0.5619834687521345
2020-02-26,-0.0612244891711786
2020-02-27,0.2325581368307193
2020-02-28,0.1085714279510204
2020-03-04,-0.5692307670414202
2020-03-05,-0.2233009704401923
2020-03-10,0.055999999552
2020-04-16,-0.2749003973111538
2020-04-23,-0.5808383198752196
2020-04-27,0.0364963500985667
2020-05-22,-0.5492957707796072
2020-05-28,-0.6394849757962018
2020-06-04,-0.4933333300444444
2020-06-09,-0.0175438596149242
2020-06-15,-0.1428571413994169
2020-06-30,-0.4759358263318939
2020-07-01,-0.5082284603018117
2020-07-01,-0.5789473640680649
2020-07-13,-0.4081632611411912
2020-07-15,-0.0761421315931871
2020-07-22,-0.3461538428254438
2020-07-23,-0.663346612885113
2020-07-23,-0.5399999982
2020-08-28,-0.2258064497918834
2020-09-02,-0.2489795908204914
2020-09-03,-0.6336582859755473
2020-09-04,-0.436823103116162
2020-09-09,-0.4215384602414201
2020-09-09,-0.6336582859755473
2020-09-21,-0.3636363471074387
2020-09-22,-0.0944881886043772
2020-09-30,-0.5471698087397651
2020-10-06,-0.4077669883118107
2020-10-12,0.1272727249586777
2020-10-13,0.5555555508072175
2020-10-16,-0.0482758617360285
2020-10-20,-0.5449735420900871
2020-10-21,-0.2993630554180697
2020-10-26,0.1712328765950459
2020-10-26,0.1328191944020401
2020-11-09,-0.153846150887574
2020-11-12,-0.5155279471085221
2020-11-12,-0.2190476169614512
2020-11-17,-0.530120478734214
2020-11-17,-0.19999999875
2020-11-18,-0.0801687760330431
2020-11-28,-0.0938775506372344
2020-12-02,-0.4358974303090073
2020-12-03,-0.4390243848899465
2020-12-04,-0.2775919723157459
2021-01-07,-0.4999999973958333
2021-01-11,0.3258426929680596
2021-01-11,-0.2300469478167912
2021-01-12,-0.4876033037702343
2021-01-29,-0.5492957707796072
2021-02-05,-0.3255813915630071
2021-02-10,-0.0786516845095316
2021-02-10,-0.3469387719700125
2021-02-17,-0.3099415186553128
2021-02-19,-0.458563533378102
2021-02-26,-0.584070793875793
2021-02-26,-0.2250922506456429
2021-03-05,-0.4117647028546713
2021-03-08,-0.3464052264940835
2021-03-16,-0.2153846137278106
2021-03-25,0.1052631551246538
2021-03-26,-0.252336447812036
2021-03-26,-0.2713178284057448
2021-04-14,0.2033057847879243
2021-04-21,-0.3249999959375
2021-04-21,0.4545454515938607
2021-04-21,-0.2352941162629757
2021-04-29,-0.4258373195554131
2021-04-29,-0.1794871771860618
2021-05-05,-0.2244897936276551
2021-05-05,-0.3114754047299114
2021-05-12,-0.5599999962666667
2021-05-13,-0.2304394424111045
2021-05-18,-0.1134020606865767
2021-05-19,-0.5488721790755083
2021-05-20,-0.3428571404081633
2021-05-21,-0.235294115916955
2021-05-25,-0.2660550452613416
2021-05-25,-0.4031413591458567
2021-05-27,-0.4565217366493383
2021-06-01,0.2093023207138995
2021-06-10,-0.428571416326531
2021-06-15,0.12605041910882
2021-06-15,-0.126843657442939
2021-06-17,0.2093023207138995
2021-07-01,-0.3898305051709279
2021-07-05,0.5142857069387756
2021-07-14,-0.2061068686556727
2021-07-15,-0.4107883800382225
2021-07-19,-0.2672413781584423
2021-07-21,-0.5233160594646836
2021-07-22,-0.3861386119498088
2021-07-26,-0.364431485817984
2021-07-28,-0.2307692130177528
2021-09-13,-0.2517006785598593
2021-09-22,-0.2995169074890896
2021-09-22,-0.1171171160620079
2021-09-27,-0.3548387068158168
2021-10-04,-0.2580645119667014
2021-10-13,-0.1718749993286132
2021-10-20,-0.1041666655815972
2021-11-03,-0.1041666655815972
2021-11-08,-0.078014183843871
2021-11-23,-0.35999999856
2021-11-26,-0.6512820479421434
2021-12-03,-0.106382977968915
2021-12-06,-0.5294117618748034
2022-01-21,-0.5399999946
2022-02-10,-0.2054794492400075
2022-02-22,-0.4883720901838832
2022-02-23,-0.4189189175036523
2022-03-01,-0.3298791013300879
2022-03-02,-0.4214876015641008
2022-03-02,0.405405399926954
2022-03-30,-0.4999999583333368
2022-04-04,-0.4197530838286846
2022-04-07,-0.0227272724690082
2022-04-21,0.0077519379244035
2022-04-21,0.2048192746407316
2022-04-26,-0.4219858152287359
2022-04-28,-0.4939759006386994
2022-05-03,0.1746031718316956
2022-05-09,-0.4630872452141795
2022-05-19,-0.3966666660055555
2022-05-20,-0.4125714280999183
2022-05-23,-0.5652173667296797
2022-05-25,-0.2640692629261071
2022-05-26,-0.4258373195554131
2022-06-01,-0.388235289550173
2022-06-08,-0.189873415318058
2022-06-20,-0.6103896024624728
2022-06-24,-0.1465295626053224
2022-06-28,0.1014492738920395
2022-06-29,0.2112676026582028
2022-07-06,-0.4759358280286349
2022-07-08,-0.3829787213671344
2022-07-11,-0.1896551707788347
2022-07-12,-0.0519480516107269
2022-07-12,0.0370370356652949
2022-07-14,-0.394052044243446
2022-07-18,-0.3557046955992973
2022-07-19,-0.6190476116780046
2022-07-20,0.18518518175583
2022-09-07,-0.4199999958
2022-09-20,-0.4372093013088156
2022-09-27,-0.5361216719845595
2022-09-28,0.0
2022-09-29,-0.2333333294444445
2022-09-29,-0.6608996516923887
2022-10-06,-0.4892086313337819
2022-10-07,-0.5251798523368356
2022-10-12,-0.1666666654040404
2022-10-15,-0.5999999936842106
2022-10-19,0.2872340410253508
2022-10-20,-0.3063063049265482
